python3,file,backbone_arg,backbone_name,input_size_arg,input_size,batch_size_arg,batch_size,seed_arg,seed,pretrained_arg,pretrained
python3,/cmlscratch/sdooley1/face.evoLVe.PyTorch/fairness_test_Celeba_timm.py,--backbone_name,adv_inception_v3,--input_size,112,--batch_size,250,--seed,222,--pretrained,True
python3,/cmlscratch/sdooley1/face.evoLVe.PyTorch/fairness_test_Celeba_timm.py,--backbone_name,convmixer_1024_20_ks9_p14,--input_size,112,--batch_size,250,--seed,222,--pretrained,True
python3,/cmlscratch/sdooley1/face.evoLVe.PyTorch/fairness_test_Celeba_timm.py,--backbone_name,convnext_tiny,--input_size,112,--batch_size,250,--seed,222,--pretrained,True
python3,/cmlscratch/sdooley1/face.evoLVe.PyTorch/fairness_test_Celeba_timm.py,--backbone_name,cspdarknet53,--input_size,112,--batch_size,250,--seed,222,--pretrained,True
python3,/cmlscratch/sdooley1/face.evoLVe.PyTorch/fairness_test_Celeba_timm.py,--backbone_name,cspresnet50,--input_size,112,--batch_size,250,--seed,222,--pretrained,True
python3,/cmlscratch/sdooley1/face.evoLVe.PyTorch/fairness_test_Celeba_timm.py,--backbone_name,cspresnext50,--input_size,112,--batch_size,250,--seed,222,--pretrained,True
python3,/cmlscratch/sdooley1/face.evoLVe.PyTorch/fairness_test_Celeba_timm.py,--backbone_name,densenet121,--input_size,112,--batch_size,250,--seed,222,--pretrained,True
python3,/cmlscratch/sdooley1/face.evoLVe.PyTorch/fairness_test_Celeba_timm.py,--backbone_name,densenet169,--input_size,112,--batch_size,250,--seed,222,--pretrained,True
python3,/cmlscratch/sdooley1/face.evoLVe.PyTorch/fairness_test_Celeba_timm.py,--backbone_name,densenetblur121d,--input_size,112,--batch_size,250,--seed,222,--pretrained,True
python3,/cmlscratch/sdooley1/face.evoLVe.PyTorch/fairness_test_Celeba_timm.py,--backbone_name,dm_nfnet_f0,--input_size,112,--batch_size,250,--seed,222,--pretrained,True
python3,/cmlscratch/sdooley1/face.evoLVe.PyTorch/fairness_test_Celeba_timm.py,--backbone_name,dpn68,--input_size,112,--batch_size,250,--seed,222,--pretrained,True
python3,/cmlscratch/sdooley1/face.evoLVe.PyTorch/fairness_test_Celeba_timm.py,--backbone_name,dpn68b,--input_size,112,--batch_size,250,--seed,222,--pretrained,True
python3,/cmlscratch/sdooley1/face.evoLVe.PyTorch/fairness_test_Celeba_timm.py,--backbone_name,eca_nfnet_l0,--input_size,112,--batch_size,250,--seed,222,--pretrained,True
python3,/cmlscratch/sdooley1/face.evoLVe.PyTorch/fairness_test_Celeba_timm.py,--backbone_name,eca_nfnet_l1,--input_size,112,--batch_size,250,--seed,222,--pretrained,True
python3,/cmlscratch/sdooley1/face.evoLVe.PyTorch/fairness_test_Celeba_timm.py,--backbone_name,eca_resnet33ts,--input_size,112,--batch_size,250,--seed,222,--pretrained,True
python3,/cmlscratch/sdooley1/face.evoLVe.PyTorch/fairness_test_Celeba_timm.py,--backbone_name,eca_resnext26ts,--input_size,112,--batch_size,250,--seed,222,--pretrained,True
python3,/cmlscratch/sdooley1/face.evoLVe.PyTorch/fairness_test_Celeba_timm.py,--backbone_name,ecaresnet101d_pruned,--input_size,112,--batch_size,250,--seed,222,--pretrained,True
python3,/cmlscratch/sdooley1/face.evoLVe.PyTorch/fairness_test_Celeba_timm.py,--backbone_name,ecaresnet26t,--input_size,112,--batch_size,250,--seed,222,--pretrained,True
python3,/cmlscratch/sdooley1/face.evoLVe.PyTorch/fairness_test_Celeba_timm.py,--backbone_name,ecaresnet50d,--input_size,112,--batch_size,250,--seed,222,--pretrained,True
python3,/cmlscratch/sdooley1/face.evoLVe.PyTorch/fairness_test_Celeba_timm.py,--backbone_name,ecaresnet50d_pruned,--input_size,112,--batch_size,250,--seed,222,--pretrained,True
python3,/cmlscratch/sdooley1/face.evoLVe.PyTorch/fairness_test_Celeba_timm.py,--backbone_name,ecaresnet50t,--input_size,112,--batch_size,250,--seed,222,--pretrained,True
python3,/cmlscratch/sdooley1/face.evoLVe.PyTorch/fairness_test_Celeba_timm.py,--backbone_name,ecaresnetlight,--input_size,112,--batch_size,250,--seed,222,--pretrained,True
python3,/cmlscratch/sdooley1/face.evoLVe.PyTorch/fairness_test_Celeba_timm.py,--backbone_name,efficientnet_b0,--input_size,112,--batch_size,250,--seed,222,--pretrained,True
python3,/cmlscratch/sdooley1/face.evoLVe.PyTorch/fairness_test_Celeba_timm.py,--backbone_name,efficientnet_b1,--input_size,112,--batch_size,250,--seed,222,--pretrained,True
python3,/cmlscratch/sdooley1/face.evoLVe.PyTorch/fairness_test_Celeba_timm.py,--backbone_name,efficientnet_b2,--input_size,112,--batch_size,250,--seed,222,--pretrained,True
python3,/cmlscratch/sdooley1/face.evoLVe.PyTorch/fairness_test_Celeba_timm.py,--backbone_name,efficientnet_b2_pruned,--input_size,112,--batch_size,250,--seed,222,--pretrained,True
python3,/cmlscratch/sdooley1/face.evoLVe.PyTorch/fairness_test_Celeba_timm.py,--backbone_name,efficientnet_b3_pruned,--input_size,112,--batch_size,250,--seed,222,--pretrained,True
python3,/cmlscratch/sdooley1/face.evoLVe.PyTorch/fairness_test_Celeba_timm.py,--backbone_name,efficientnet_el_pruned,--input_size,112,--batch_size,250,--seed,222,--pretrained,True
python3,/cmlscratch/sdooley1/face.evoLVe.PyTorch/fairness_test_Celeba_timm.py,--backbone_name,efficientnet_em,--input_size,112,--batch_size,250,--seed,222,--pretrained,True
python3,/cmlscratch/sdooley1/face.evoLVe.PyTorch/fairness_test_Celeba_timm.py,--backbone_name,efficientnet_es,--input_size,112,--batch_size,250,--seed,222,--pretrained,True
python3,/cmlscratch/sdooley1/face.evoLVe.PyTorch/fairness_test_Celeba_timm.py,--backbone_name,efficientnet_lite0,--input_size,112,--batch_size,250,--seed,222,--pretrained,True
python3,/cmlscratch/sdooley1/face.evoLVe.PyTorch/fairness_test_Celeba_timm.py,--backbone_name,efficientnetv2_rw_t,--input_size,112,--batch_size,250,--seed,222,--pretrained,True
python3,/cmlscratch/sdooley1/face.evoLVe.PyTorch/fairness_test_Celeba_timm.py,--backbone_name,ese_vovnet19b_dw,--input_size,112,--batch_size,250,--seed,222,--pretrained,True
python3,/cmlscratch/sdooley1/face.evoLVe.PyTorch/fairness_test_Celeba_timm.py,--backbone_name,ese_vovnet39b,--input_size,112,--batch_size,250,--seed,222,--pretrained,True
python3,/cmlscratch/sdooley1/face.evoLVe.PyTorch/fairness_test_Celeba_timm.py,--backbone_name,fbnetv3_b,--input_size,112,--batch_size,250,--seed,222,--pretrained,True
python3,/cmlscratch/sdooley1/face.evoLVe.PyTorch/fairness_test_Celeba_timm.py,--backbone_name,fbnetv3_d,--input_size,112,--batch_size,250,--seed,222,--pretrained,True
python3,/cmlscratch/sdooley1/face.evoLVe.PyTorch/fairness_test_Celeba_timm.py,--backbone_name,fbnetv3_g,--input_size,112,--batch_size,250,--seed,222,--pretrained,True
python3,/cmlscratch/sdooley1/face.evoLVe.PyTorch/fairness_test_Celeba_timm.py,--backbone_name,gcresnet33ts,--input_size,112,--batch_size,250,--seed,222,--pretrained,True
python3,/cmlscratch/sdooley1/face.evoLVe.PyTorch/fairness_test_Celeba_timm.py,--backbone_name,gcresnet50t,--input_size,112,--batch_size,250,--seed,222,--pretrained,True
python3,/cmlscratch/sdooley1/face.evoLVe.PyTorch/fairness_test_Celeba_timm.py,--backbone_name,gcresnext26ts,--input_size,112,--batch_size,250,--seed,222,--pretrained,True
python3,/cmlscratch/sdooley1/face.evoLVe.PyTorch/fairness_test_Celeba_timm.py,--backbone_name,gcresnext50ts,--input_size,112,--batch_size,250,--seed,222,--pretrained,True
python3,/cmlscratch/sdooley1/face.evoLVe.PyTorch/fairness_test_Celeba_timm.py,--backbone_name,gernet_s,--input_size,112,--batch_size,250,--seed,222,--pretrained,True
python3,/cmlscratch/sdooley1/face.evoLVe.PyTorch/fairness_test_Celeba_timm.py,--backbone_name,ghostnet_100,--input_size,112,--batch_size,250,--seed,222,--pretrained,True
python3,/cmlscratch/sdooley1/face.evoLVe.PyTorch/fairness_test_Celeba_timm.py,--backbone_name,gluon_inception_v3,--input_size,112,--batch_size,250,--seed,222,--pretrained,True
python3,/cmlscratch/sdooley1/face.evoLVe.PyTorch/fairness_test_Celeba_timm.py,--backbone_name,gluon_resnet101_v1b,--input_size,112,--batch_size,250,--seed,222,--pretrained,True
python3,/cmlscratch/sdooley1/face.evoLVe.PyTorch/fairness_test_Celeba_timm.py,--backbone_name,gluon_resnet101_v1c,--input_size,112,--batch_size,250,--seed,222,--pretrained,True
python3,/cmlscratch/sdooley1/face.evoLVe.PyTorch/fairness_test_Celeba_timm.py,--backbone_name,gluon_resnet101_v1d,--input_size,112,--batch_size,250,--seed,222,--pretrained,True
python3,/cmlscratch/sdooley1/face.evoLVe.PyTorch/fairness_test_Celeba_timm.py,--backbone_name,gluon_resnet101_v1s,--input_size,112,--batch_size,250,--seed,222,--pretrained,True
python3,/cmlscratch/sdooley1/face.evoLVe.PyTorch/fairness_test_Celeba_timm.py,--backbone_name,gluon_resnet18_v1b,--input_size,112,--batch_size,250,--seed,222,--pretrained,True
python3,/cmlscratch/sdooley1/face.evoLVe.PyTorch/fairness_test_Celeba_timm.py,--backbone_name,gluon_resnet34_v1b,--input_size,112,--batch_size,250,--seed,222,--pretrained,True
python3,/cmlscratch/sdooley1/face.evoLVe.PyTorch/fairness_test_Celeba_timm.py,--backbone_name,gluon_resnet50_v1b,--input_size,112,--batch_size,250,--seed,222,--pretrained,True
python3,/cmlscratch/sdooley1/face.evoLVe.PyTorch/fairness_test_Celeba_timm.py,--backbone_name,gluon_resnet50_v1c,--input_size,112,--batch_size,250,--seed,222,--pretrained,True
python3,/cmlscratch/sdooley1/face.evoLVe.PyTorch/fairness_test_Celeba_timm.py,--backbone_name,gluon_resnet50_v1d,--input_size,112,--batch_size,250,--seed,222,--pretrained,True
python3,/cmlscratch/sdooley1/face.evoLVe.PyTorch/fairness_test_Celeba_timm.py,--backbone_name,gluon_resnet50_v1s,--input_size,112,--batch_size,250,--seed,222,--pretrained,True
python3,/cmlscratch/sdooley1/face.evoLVe.PyTorch/fairness_test_Celeba_timm.py,--backbone_name,gluon_resnext50_32x4d,--input_size,112,--batch_size,250,--seed,222,--pretrained,True
python3,/cmlscratch/sdooley1/face.evoLVe.PyTorch/fairness_test_Celeba_timm.py,--backbone_name,gluon_seresnext50_32x4d,--input_size,112,--batch_size,250,--seed,222,--pretrained,True
python3,/cmlscratch/sdooley1/face.evoLVe.PyTorch/fairness_test_Celeba_timm.py,--backbone_name,hardcorenas_b,--input_size,112,--batch_size,250,--seed,222,--pretrained,True
python3,/cmlscratch/sdooley1/face.evoLVe.PyTorch/fairness_test_Celeba_timm.py,--backbone_name,hardcorenas_e,--input_size,112,--batch_size,250,--seed,222,--pretrained,True
python3,/cmlscratch/sdooley1/face.evoLVe.PyTorch/fairness_test_Celeba_timm.py,--backbone_name,hardcorenas_f,--input_size,112,--batch_size,250,--seed,222,--pretrained,True
python3,/cmlscratch/sdooley1/face.evoLVe.PyTorch/fairness_test_Celeba_timm.py,--backbone_name,inception_resnet_v2,--input_size,112,--batch_size,250,--seed,222,--pretrained,True
python3,/cmlscratch/sdooley1/face.evoLVe.PyTorch/fairness_test_Celeba_timm.py,--backbone_name,lambda_resnet50ts,--input_size,112,--batch_size,250,--seed,222,--pretrained,True
python3,/cmlscratch/sdooley1/face.evoLVe.PyTorch/fairness_test_Celeba_timm.py,--backbone_name,lcnet_100,--input_size,112,--batch_size,250,--seed,222,--pretrained,True
python3,/cmlscratch/sdooley1/face.evoLVe.PyTorch/fairness_test_Celeba_timm.py,--backbone_name,legacy_seresnet34,--input_size,112,--batch_size,250,--seed,222,--pretrained,True
python3,/cmlscratch/sdooley1/face.evoLVe.PyTorch/fairness_test_Celeba_timm.py,--backbone_name,legacy_seresnext50_32x4d,--input_size,112,--batch_size,250,--seed,222,--pretrained,True
python3,/cmlscratch/sdooley1/face.evoLVe.PyTorch/fairness_test_Celeba_timm.py,--backbone_name,mixnet_l,--input_size,112,--batch_size,250,--seed,222,--pretrained,True
python3,/cmlscratch/sdooley1/face.evoLVe.PyTorch/fairness_test_Celeba_timm.py,--backbone_name,mixnet_s,--input_size,112,--batch_size,250,--seed,222,--pretrained,True
python3,/cmlscratch/sdooley1/face.evoLVe.PyTorch/fairness_test_Celeba_timm.py,--backbone_name,mixnet_xl,--input_size,112,--batch_size,250,--seed,222,--pretrained,True
python3,/cmlscratch/sdooley1/face.evoLVe.PyTorch/fairness_test_Celeba_timm.py,--backbone_name,mnasnet_small,--input_size,112,--batch_size,250,--seed,222,--pretrained,True
python3,/cmlscratch/sdooley1/face.evoLVe.PyTorch/fairness_test_Celeba_timm.py,--backbone_name,mobilenetv2_050,--input_size,112,--batch_size,250,--seed,222,--pretrained,True
python3,/cmlscratch/sdooley1/face.evoLVe.PyTorch/fairness_test_Celeba_timm.py,--backbone_name,mobilenetv2_100,--input_size,112,--batch_size,250,--seed,222,--pretrained,True
python3,/cmlscratch/sdooley1/face.evoLVe.PyTorch/fairness_test_Celeba_timm.py,--backbone_name,mobilenetv2_110d,--input_size,112,--batch_size,250,--seed,222,--pretrained,True
python3,/cmlscratch/sdooley1/face.evoLVe.PyTorch/fairness_test_Celeba_timm.py,--backbone_name,mobilenetv2_120d,--input_size,112,--batch_size,250,--seed,222,--pretrained,True
python3,/cmlscratch/sdooley1/face.evoLVe.PyTorch/fairness_test_Celeba_timm.py,--backbone_name,mobilenetv2_140,--input_size,112,--batch_size,250,--seed,222,--pretrained,True
python3,/cmlscratch/sdooley1/face.evoLVe.PyTorch/fairness_test_Celeba_timm.py,--backbone_name,mobilenetv3_large_100,--input_size,112,--batch_size,250,--seed,222,--pretrained,True
python3,/cmlscratch/sdooley1/face.evoLVe.PyTorch/fairness_test_Celeba_timm.py,--backbone_name,mobilenetv3_large_100_miil,--input_size,112,--batch_size,250,--seed,222,--pretrained,True
python3,/cmlscratch/sdooley1/face.evoLVe.PyTorch/fairness_test_Celeba_timm.py,--backbone_name,mobilenetv3_large_100_miil_in21k,--input_size,112,--batch_size,250,--seed,222,--pretrained,True
python3,/cmlscratch/sdooley1/face.evoLVe.PyTorch/fairness_test_Celeba_timm.py,--backbone_name,mobilenetv3_rw,--input_size,112,--batch_size,250,--seed,222,--pretrained,True
python3,/cmlscratch/sdooley1/face.evoLVe.PyTorch/fairness_test_Celeba_timm.py,--backbone_name,nf_resnet50,--input_size,112,--batch_size,250,--seed,222,--pretrained,True
python3,/cmlscratch/sdooley1/face.evoLVe.PyTorch/fairness_test_Celeba_timm.py,--backbone_name,nfnet_l0,--input_size,112,--batch_size,250,--seed,222,--pretrained,True
python3,/cmlscratch/sdooley1/face.evoLVe.PyTorch/fairness_test_Celeba_timm.py,--backbone_name,regnetx_006,--input_size,112,--batch_size,250,--seed,222,--pretrained,True
python3,/cmlscratch/sdooley1/face.evoLVe.PyTorch/fairness_test_Celeba_timm.py,--backbone_name,regnetx_016,--input_size,112,--batch_size,250,--seed,222,--pretrained,True
python3,/cmlscratch/sdooley1/face.evoLVe.PyTorch/fairness_test_Celeba_timm.py,--backbone_name,regnetx_032,--input_size,112,--batch_size,250,--seed,222,--pretrained,True
python3,/cmlscratch/sdooley1/face.evoLVe.PyTorch/fairness_test_Celeba_timm.py,--backbone_name,regnetx_064,--input_size,112,--batch_size,250,--seed,222,--pretrained,True
python3,/cmlscratch/sdooley1/face.evoLVe.PyTorch/fairness_test_Celeba_timm.py,--backbone_name,regnetx_080,--input_size,112,--batch_size,250,--seed,222,--pretrained,True
python3,/cmlscratch/sdooley1/face.evoLVe.PyTorch/fairness_test_Celeba_timm.py,--backbone_name,regnety_002,--input_size,112,--batch_size,250,--seed,222,--pretrained,True
python3,/cmlscratch/sdooley1/face.evoLVe.PyTorch/fairness_test_Celeba_timm.py,--backbone_name,regnety_016,--input_size,112,--batch_size,250,--seed,222,--pretrained,True
python3,/cmlscratch/sdooley1/face.evoLVe.PyTorch/fairness_test_Celeba_timm.py,--backbone_name,regnety_032,--input_size,112,--batch_size,250,--seed,222,--pretrained,True
python3,/cmlscratch/sdooley1/face.evoLVe.PyTorch/fairness_test_Celeba_timm.py,--backbone_name,regnety_040,--input_size,112,--batch_size,250,--seed,222,--pretrained,True
python3,/cmlscratch/sdooley1/face.evoLVe.PyTorch/fairness_test_Celeba_timm.py,--backbone_name,regnetz_b16,--input_size,112,--batch_size,250,--seed,222,--pretrained,True
python3,/cmlscratch/sdooley1/face.evoLVe.PyTorch/fairness_test_Celeba_timm.py,--backbone_name,repvgg_a2,--input_size,112,--batch_size,250,--seed,222,--pretrained,True
python3,/cmlscratch/sdooley1/face.evoLVe.PyTorch/fairness_test_Celeba_timm.py,--backbone_name,repvgg_b0,--input_size,112,--batch_size,250,--seed,222,--pretrained,True
python3,/cmlscratch/sdooley1/face.evoLVe.PyTorch/fairness_test_Celeba_timm.py,--backbone_name,repvgg_b1,--input_size,112,--batch_size,250,--seed,222,--pretrained,True
python3,/cmlscratch/sdooley1/face.evoLVe.PyTorch/fairness_test_Celeba_timm.py,--backbone_name,repvgg_b1g4,--input_size,112,--batch_size,250,--seed,222,--pretrained,True
python3,/cmlscratch/sdooley1/face.evoLVe.PyTorch/fairness_test_Celeba_timm.py,--backbone_name,repvgg_b3,--input_size,112,--batch_size,250,--seed,222,--pretrained,True
python3,/cmlscratch/sdooley1/face.evoLVe.PyTorch/fairness_test_Celeba_timm.py,--backbone_name,res2net50_14w_8s,--input_size,112,--batch_size,250,--seed,222,--pretrained,True
python3,/cmlscratch/sdooley1/face.evoLVe.PyTorch/fairness_test_Celeba_timm.py,--backbone_name,res2net50_26w_4s,--input_size,112,--batch_size,250,--seed,222,--pretrained,True
python3,/cmlscratch/sdooley1/face.evoLVe.PyTorch/fairness_test_Celeba_timm.py,--backbone_name,res2net50_26w_6s,--input_size,112,--batch_size,250,--seed,222,--pretrained,True
python3,/cmlscratch/sdooley1/face.evoLVe.PyTorch/fairness_test_Celeba_timm.py,--backbone_name,res2next50,--input_size,112,--batch_size,250,--seed,222,--pretrained,True
python3,/cmlscratch/sdooley1/face.evoLVe.PyTorch/fairness_test_Celeba_timm.py,--backbone_name,resnet101,--input_size,112,--batch_size,250,--seed,222,--pretrained,True
python3,/cmlscratch/sdooley1/face.evoLVe.PyTorch/fairness_test_Celeba_timm.py,--backbone_name,resnet101d,--input_size,112,--batch_size,250,--seed,222,--pretrained,True
python3,/cmlscratch/sdooley1/face.evoLVe.PyTorch/fairness_test_Celeba_timm.py,--backbone_name,resnet18,--input_size,112,--batch_size,250,--seed,222,--pretrained,True
python3,/cmlscratch/sdooley1/face.evoLVe.PyTorch/fairness_test_Celeba_timm.py,--backbone_name,resnet18d,--input_size,112,--batch_size,250,--seed,222,--pretrained,True
python3,/cmlscratch/sdooley1/face.evoLVe.PyTorch/fairness_test_Celeba_timm.py,--backbone_name,resnet26,--input_size,112,--batch_size,250,--seed,222,--pretrained,True
python3,/cmlscratch/sdooley1/face.evoLVe.PyTorch/fairness_test_Celeba_timm.py,--backbone_name,resnet26d,--input_size,112,--batch_size,250,--seed,222,--pretrained,True
python3,/cmlscratch/sdooley1/face.evoLVe.PyTorch/fairness_test_Celeba_timm.py,--backbone_name,resnet26t,--input_size,112,--batch_size,250,--seed,222,--pretrained,True
python3,/cmlscratch/sdooley1/face.evoLVe.PyTorch/fairness_test_Celeba_timm.py,--backbone_name,resnet32ts,--input_size,112,--batch_size,250,--seed,222,--pretrained,True
python3,/cmlscratch/sdooley1/face.evoLVe.PyTorch/fairness_test_Celeba_timm.py,--backbone_name,resnet33ts,--input_size,112,--batch_size,250,--seed,222,--pretrained,True
python3,/cmlscratch/sdooley1/face.evoLVe.PyTorch/fairness_test_Celeba_timm.py,--backbone_name,resnet34,--input_size,112,--batch_size,250,--seed,222,--pretrained,True
python3,/cmlscratch/sdooley1/face.evoLVe.PyTorch/fairness_test_Celeba_timm.py,--backbone_name,resnet34d,--input_size,112,--batch_size,250,--seed,222,--pretrained,True
python3,/cmlscratch/sdooley1/face.evoLVe.PyTorch/fairness_test_Celeba_timm.py,--backbone_name,resnet50,--input_size,112,--batch_size,250,--seed,222,--pretrained,True
python3,/cmlscratch/sdooley1/face.evoLVe.PyTorch/fairness_test_Celeba_timm.py,--backbone_name,resnet50_gn,--input_size,112,--batch_size,250,--seed,222,--pretrained,True
python3,/cmlscratch/sdooley1/face.evoLVe.PyTorch/fairness_test_Celeba_timm.py,--backbone_name,resnet50d,--input_size,112,--batch_size,250,--seed,222,--pretrained,True
python3,/cmlscratch/sdooley1/face.evoLVe.PyTorch/fairness_test_Celeba_timm.py,--backbone_name,resnet51q,--input_size,112,--batch_size,250,--seed,222,--pretrained,True
python3,/cmlscratch/sdooley1/face.evoLVe.PyTorch/fairness_test_Celeba_timm.py,--backbone_name,resnet61q,--input_size,112,--batch_size,250,--seed,222,--pretrained,True
python3,/cmlscratch/sdooley1/face.evoLVe.PyTorch/fairness_test_Celeba_timm.py,--backbone_name,resnetblur50,--input_size,112,--batch_size,250,--seed,222,--pretrained,True
python3,/cmlscratch/sdooley1/face.evoLVe.PyTorch/fairness_test_Celeba_timm.py,--backbone_name,resnetrs50,--input_size,112,--batch_size,250,--seed,222,--pretrained,True
python3,/cmlscratch/sdooley1/face.evoLVe.PyTorch/fairness_test_Celeba_timm.py,--backbone_name,resnetv2_101,--input_size,112,--batch_size,250,--seed,222,--pretrained,True
python3,/cmlscratch/sdooley1/face.evoLVe.PyTorch/fairness_test_Celeba_timm.py,--backbone_name,resnetv2_101x1_bitm,--input_size,112,--batch_size,250,--seed,222,--pretrained,True
python3,/cmlscratch/sdooley1/face.evoLVe.PyTorch/fairness_test_Celeba_timm.py,--backbone_name,resnetv2_101x1_bitm_in21k,--input_size,112,--batch_size,250,--seed,222,--pretrained,True
python3,/cmlscratch/sdooley1/face.evoLVe.PyTorch/fairness_test_Celeba_timm.py,--backbone_name,resnetv2_50,--input_size,112,--batch_size,250,--seed,222,--pretrained,True
python3,/cmlscratch/sdooley1/face.evoLVe.PyTorch/fairness_test_Celeba_timm.py,--backbone_name,resnetv2_50x1_bit_distilled,--input_size,112,--batch_size,250,--seed,222,--pretrained,True
python3,/cmlscratch/sdooley1/face.evoLVe.PyTorch/fairness_test_Celeba_timm.py,--backbone_name,resnetv2_50x1_bitm,--input_size,112,--batch_size,250,--seed,222,--pretrained,True
python3,/cmlscratch/sdooley1/face.evoLVe.PyTorch/fairness_test_Celeba_timm.py,--backbone_name,resnetv2_50x1_bitm_in21k,--input_size,112,--batch_size,250,--seed,222,--pretrained,True
python3,/cmlscratch/sdooley1/face.evoLVe.PyTorch/fairness_test_Celeba_timm.py,--backbone_name,resnext50_32x4d,--input_size,112,--batch_size,250,--seed,222,--pretrained,True
python3,/cmlscratch/sdooley1/face.evoLVe.PyTorch/fairness_test_Celeba_timm.py,--backbone_name,resnext50d_32x4d,--input_size,112,--batch_size,250,--seed,222,--pretrained,True
python3,/cmlscratch/sdooley1/face.evoLVe.PyTorch/fairness_test_Celeba_timm.py,--backbone_name,selecsls42b,--input_size,112,--batch_size,250,--seed,222,--pretrained,True
python3,/cmlscratch/sdooley1/face.evoLVe.PyTorch/fairness_test_Celeba_timm.py,--backbone_name,selecsls60,--input_size,112,--batch_size,250,--seed,222,--pretrained,True
python3,/cmlscratch/sdooley1/face.evoLVe.PyTorch/fairness_test_Celeba_timm.py,--backbone_name,semnasnet_075,--input_size,112,--batch_size,250,--seed,222,--pretrained,True
python3,/cmlscratch/sdooley1/face.evoLVe.PyTorch/fairness_test_Celeba_timm.py,--backbone_name,seresnet33ts,--input_size,112,--batch_size,250,--seed,222,--pretrained,True
python3,/cmlscratch/sdooley1/face.evoLVe.PyTorch/fairness_test_Celeba_timm.py,--backbone_name,seresnext26t_32x4d,--input_size,112,--batch_size,250,--seed,222,--pretrained,True
python3,/cmlscratch/sdooley1/face.evoLVe.PyTorch/fairness_test_Celeba_timm.py,--backbone_name,spnasnet_100,--input_size,112,--batch_size,250,--seed,222,--pretrained,True
python3,/cmlscratch/sdooley1/face.evoLVe.PyTorch/fairness_test_Celeba_timm.py,--backbone_name,ssl_resnet18,--input_size,112,--batch_size,250,--seed,222,--pretrained,True
python3,/cmlscratch/sdooley1/face.evoLVe.PyTorch/fairness_test_Celeba_timm.py,--backbone_name,ssl_resnext50_32x4d,--input_size,112,--batch_size,250,--seed,222,--pretrained,True
python3,/cmlscratch/sdooley1/face.evoLVe.PyTorch/fairness_test_Celeba_timm.py,--backbone_name,swsl_resnet18,--input_size,112,--batch_size,250,--seed,222,--pretrained,True
python3,/cmlscratch/sdooley1/face.evoLVe.PyTorch/fairness_test_Celeba_timm.py,--backbone_name,tf_efficientnet_b0_ap,--input_size,112,--batch_size,250,--seed,222,--pretrained,True
python3,/cmlscratch/sdooley1/face.evoLVe.PyTorch/fairness_test_Celeba_timm.py,--backbone_name,tf_efficientnet_b1_ap,--input_size,112,--batch_size,250,--seed,222,--pretrained,True
python3,/cmlscratch/sdooley1/face.evoLVe.PyTorch/fairness_test_Celeba_timm.py,--backbone_name,tf_efficientnet_b1_ns,--input_size,112,--batch_size,250,--seed,222,--pretrained,True
python3,/cmlscratch/sdooley1/face.evoLVe.PyTorch/fairness_test_Celeba_timm.py,--backbone_name,tf_efficientnet_b2,--input_size,112,--batch_size,250,--seed,222,--pretrained,True
python3,/cmlscratch/sdooley1/face.evoLVe.PyTorch/fairness_test_Celeba_timm.py,--backbone_name,tf_efficientnet_cc_b0_4e,--input_size,112,--batch_size,250,--seed,222,--pretrained,True
python3,/cmlscratch/sdooley1/face.evoLVe.PyTorch/fairness_test_Celeba_timm.py,--backbone_name,tf_efficientnet_cc_b0_8e,--input_size,112,--batch_size,250,--seed,222,--pretrained,True
python3,/cmlscratch/sdooley1/face.evoLVe.PyTorch/fairness_test_Celeba_timm.py,--backbone_name,tf_efficientnet_el,--input_size,112,--batch_size,250,--seed,222,--pretrained,True
python3,/cmlscratch/sdooley1/face.evoLVe.PyTorch/fairness_test_Celeba_timm.py,--backbone_name,tf_efficientnet_em,--input_size,112,--batch_size,250,--seed,222,--pretrained,True
python3,/cmlscratch/sdooley1/face.evoLVe.PyTorch/fairness_test_Celeba_timm.py,--backbone_name,tf_efficientnet_lite0,--input_size,112,--batch_size,250,--seed,222,--pretrained,True
python3,/cmlscratch/sdooley1/face.evoLVe.PyTorch/fairness_test_Celeba_timm.py,--backbone_name,tf_efficientnet_lite1,--input_size,112,--batch_size,250,--seed,222,--pretrained,True
python3,/cmlscratch/sdooley1/face.evoLVe.PyTorch/fairness_test_Celeba_timm.py,--backbone_name,tf_efficientnet_lite2,--input_size,112,--batch_size,250,--seed,222,--pretrained,True
python3,/cmlscratch/sdooley1/face.evoLVe.PyTorch/fairness_test_Celeba_timm.py,--backbone_name,tf_efficientnet_lite3,--input_size,112,--batch_size,250,--seed,222,--pretrained,True
python3,/cmlscratch/sdooley1/face.evoLVe.PyTorch/fairness_test_Celeba_timm.py,--backbone_name,tf_efficientnetv2_b0,--input_size,112,--batch_size,250,--seed,222,--pretrained,True
python3,/cmlscratch/sdooley1/face.evoLVe.PyTorch/fairness_test_Celeba_timm.py,--backbone_name,tf_efficientnetv2_b1,--input_size,112,--batch_size,250,--seed,222,--pretrained,True
python3,/cmlscratch/sdooley1/face.evoLVe.PyTorch/fairness_test_Celeba_timm.py,--backbone_name,tf_efficientnetv2_b2,--input_size,112,--batch_size,250,--seed,222,--pretrained,True
python3,/cmlscratch/sdooley1/face.evoLVe.PyTorch/fairness_test_Celeba_timm.py,--backbone_name,tf_efficientnetv2_b3,--input_size,112,--batch_size,250,--seed,222,--pretrained,True
python3,/cmlscratch/sdooley1/face.evoLVe.PyTorch/fairness_test_Celeba_timm.py,--backbone_name,tf_inception_v3,--input_size,112,--batch_size,250,--seed,222,--pretrained,True
python3,/cmlscratch/sdooley1/face.evoLVe.PyTorch/fairness_test_Celeba_timm.py,--backbone_name,tf_mixnet_l,--input_size,112,--batch_size,250,--seed,222,--pretrained,True
python3,/cmlscratch/sdooley1/face.evoLVe.PyTorch/fairness_test_Celeba_timm.py,--backbone_name,tf_mixnet_m,--input_size,112,--batch_size,250,--seed,222,--pretrained,True
python3,/cmlscratch/sdooley1/face.evoLVe.PyTorch/fairness_test_Celeba_timm.py,--backbone_name,tf_mobilenetv3_large_075,--input_size,112,--batch_size,250,--seed,222,--pretrained,True
python3,/cmlscratch/sdooley1/face.evoLVe.PyTorch/fairness_test_Celeba_timm.py,--backbone_name,tf_mobilenetv3_large_100,--input_size,112,--batch_size,250,--seed,222,--pretrained,True
python3,/cmlscratch/sdooley1/face.evoLVe.PyTorch/fairness_test_Celeba_timm.py,--backbone_name,tf_mobilenetv3_large_minimal_100,--input_size,112,--batch_size,250,--seed,222,--pretrained,True
python3,/cmlscratch/sdooley1/face.evoLVe.PyTorch/fairness_test_Celeba_timm.py,--backbone_name,tf_mobilenetv3_small_075,--input_size,112,--batch_size,250,--seed,222,--pretrained,True
python3,/cmlscratch/sdooley1/face.evoLVe.PyTorch/fairness_test_Celeba_timm.py,--backbone_name,tf_mobilenetv3_small_100,--input_size,112,--batch_size,250,--seed,222,--pretrained,True
python3,/cmlscratch/sdooley1/face.evoLVe.PyTorch/fairness_test_Celeba_timm.py,--backbone_name,tf_mobilenetv3_small_minimal_100,--input_size,112,--batch_size,250,--seed,222,--pretrained,True
python3,/cmlscratch/sdooley1/face.evoLVe.PyTorch/fairness_test_Celeba_timm.py,--backbone_name,tinynet_a,--input_size,112,--batch_size,250,--seed,222,--pretrained,True
python3,/cmlscratch/sdooley1/face.evoLVe.PyTorch/fairness_test_Celeba_timm.py,--backbone_name,tinynet_b,--input_size,112,--batch_size,250,--seed,222,--pretrained,True
python3,/cmlscratch/sdooley1/face.evoLVe.PyTorch/fairness_test_Celeba_timm.py,--backbone_name,tinynet_c,--input_size,112,--batch_size,250,--seed,222,--pretrained,True
python3,/cmlscratch/sdooley1/face.evoLVe.PyTorch/fairness_test_Celeba_timm.py,--backbone_name,tv_densenet121,--input_size,112,--batch_size,250,--seed,222,--pretrained,True
python3,/cmlscratch/sdooley1/face.evoLVe.PyTorch/fairness_test_Celeba_timm.py,--backbone_name,tv_resnet34,--input_size,112,--batch_size,250,--seed,222,--pretrained,True
python3,/cmlscratch/sdooley1/face.evoLVe.PyTorch/fairness_test_Celeba_timm.py,--backbone_name,twins_pcpvt_small,--input_size,112,--batch_size,250,--seed,222,--pretrained,True
python3,/cmlscratch/sdooley1/face.evoLVe.PyTorch/fairness_test_Celeba_timm.py,--backbone_name,twins_svt_base,--input_size,112,--batch_size,250,--seed,222,--pretrained,True
python3,/cmlscratch/sdooley1/face.evoLVe.PyTorch/fairness_test_Celeba_timm.py,--backbone_name,twins_svt_small,--input_size,112,--batch_size,250,--seed,222,--pretrained,True
python3,/cmlscratch/sdooley1/face.evoLVe.PyTorch/fairness_test_Celeba_timm.py,--backbone_name,vgg11_bn,--input_size,112,--batch_size,250,--seed,222,--pretrained,True
python3,/cmlscratch/sdooley1/face.evoLVe.PyTorch/fairness_test_Celeba_timm.py,--backbone_name,vgg13_bn,--input_size,112,--batch_size,250,--seed,222,--pretrained,True
python3,/cmlscratch/sdooley1/face.evoLVe.PyTorch/fairness_test_Celeba_timm.py,--backbone_name,vgg16_bn,--input_size,112,--batch_size,250,--seed,222,--pretrained,True
python3,/cmlscratch/sdooley1/face.evoLVe.PyTorch/fairness_test_Celeba_timm.py,--backbone_name,vgg19,--input_size,112,--batch_size,250,--seed,222,--pretrained,True
python3,/cmlscratch/sdooley1/face.evoLVe.PyTorch/fairness_test_Celeba_timm.py,--backbone_name,wide_resnet50_2,--input_size,112,--batch_size,250,--seed,222,--pretrained,True
python3,/cmlscratch/sdooley1/face.evoLVe.PyTorch/fairness_test_Celeba_timm.py,--backbone_name,xception,--input_size,112,--batch_size,250,--seed,222,--pretrained,True
python3,/cmlscratch/sdooley1/face.evoLVe.PyTorch/fairness_test_Celeba_timm.py,--backbone_name,xcit_nano_12_p16_224,--input_size,112,--batch_size,250,--seed,222,--pretrained,True
python3,/cmlscratch/sdooley1/face.evoLVe.PyTorch/fairness_test_Celeba_timm.py,--backbone_name,xcit_nano_12_p16_224_dist,--input_size,112,--batch_size,250,--seed,222,--pretrained,True
python3,/cmlscratch/sdooley1/face.evoLVe.PyTorch/fairness_test_Celeba_timm.py,--backbone_name,xcit_nano_12_p16_384_dist,--input_size,112,--batch_size,250,--seed,222,--pretrained,True
python3,/cmlscratch/sdooley1/face.evoLVe.PyTorch/fairness_test_Celeba_timm.py,--backbone_name,xcit_nano_12_p8_224,--input_size,112,--batch_size,250,--seed,222,--pretrained,True
python3,/cmlscratch/sdooley1/face.evoLVe.PyTorch/fairness_test_Celeba_timm.py,--backbone_name,xcit_nano_12_p8_224_dist,--input_size,112,--batch_size,250,--seed,222,--pretrained,True
python3,/cmlscratch/sdooley1/face.evoLVe.PyTorch/fairness_test_Celeba_timm.py,--backbone_name,xcit_nano_12_p8_384_dist,--input_size,112,--batch_size,250,--seed,222,--pretrained,True
python3,/cmlscratch/sdooley1/face.evoLVe.PyTorch/fairness_test_Celeba_timm.py,--backbone_name,xcit_small_12_p16_224_dist,--input_size,112,--batch_size,250,--seed,222,--pretrained,True
python3,/cmlscratch/sdooley1/face.evoLVe.PyTorch/fairness_test_Celeba_timm.py,--backbone_name,xcit_small_12_p16_384_dist,--input_size,112,--batch_size,250,--seed,222,--pretrained,True
python3,/cmlscratch/sdooley1/face.evoLVe.PyTorch/fairness_test_Celeba_timm.py,--backbone_name,xcit_tiny_12_p16_224,--input_size,112,--batch_size,250,--seed,222,--pretrained,True
python3,/cmlscratch/sdooley1/face.evoLVe.PyTorch/fairness_test_Celeba_timm.py,--backbone_name,xcit_tiny_12_p16_224_dist,--input_size,112,--batch_size,250,--seed,222,--pretrained,True
python3,/cmlscratch/sdooley1/face.evoLVe.PyTorch/fairness_test_Celeba_timm.py,--backbone_name,xcit_tiny_12_p16_384_dist,--input_size,112,--batch_size,250,--seed,222,--pretrained,True
python3,/cmlscratch/sdooley1/face.evoLVe.PyTorch/fairness_test_Celeba_timm.py,--backbone_name,xcit_tiny_24_p16_224,--input_size,112,--batch_size,250,--seed,222,--pretrained,True
python3,/cmlscratch/sdooley1/face.evoLVe.PyTorch/fairness_test_Celeba_timm.py,--backbone_name,xcit_tiny_24_p16_224_dist,--input_size,112,--batch_size,250,--seed,222,--pretrained,True
python3,/cmlscratch/sdooley1/face.evoLVe.PyTorch/fairness_test_Celeba_timm.py,--backbone_name,xcit_tiny_24_p16_384_dist,--input_size,112,--batch_size,250,--seed,222,--pretrained,True
python3,/cmlscratch/sdooley1/face.evoLVe.PyTorch/fairness_test_Celeba_timm.py,--backbone_name,repvgg_b2,--input_size,112,--batch_size,100,--seed,222,--pretrained,True
python3,/cmlscratch/sdooley1/face.evoLVe.PyTorch/fairness_test_Celeba_timm.py,--backbone_name,repvgg_b2g4,--input_size,112,--batch_size,100,--seed,222,--pretrained,True
python3,/cmlscratch/sdooley1/face.evoLVe.PyTorch/fairness_test_Celeba_timm.py,--backbone_name,repvgg_b3g4,--input_size,112,--batch_size,100,--seed,222,--pretrained,True
python3,/cmlscratch/sdooley1/face.evoLVe.PyTorch/fairness_test_Celeba_timm.py,--backbone_name,vgg11,--input_size,112,--batch_size,100,--seed,222,--pretrained,True
python3,/cmlscratch/sdooley1/face.evoLVe.PyTorch/fairness_test_Celeba_timm.py,--backbone_name,vgg13,--input_size,112,--batch_size,100,--seed,222,--pretrained,True
python3,/cmlscratch/sdooley1/face.evoLVe.PyTorch/fairness_test_Celeba_timm.py,--backbone_name,vgg16,--input_size,112,--batch_size,100,--seed,222,--pretrained,True
python3,/cmlscratch/sdooley1/face.evoLVe.PyTorch/fairness_test_Celeba_timm.py,--backbone_name,vgg19_bn,--input_size,112,--batch_size,100,--seed,222,--pretrained,True
python3,/cmlscratch/sdooley1/face.evoLVe.PyTorch/fairness_test_Celeba_timm.py,--backbone_name,gluon_resnet152_v1b,--input_size,112,--batch_size,100,--seed,222,--pretrained,True
python3,/cmlscratch/sdooley1/face.evoLVe.PyTorch/fairness_test_Celeba_timm.py,--backbone_name,gluon_resnet152_v1c,--input_size,112,--batch_size,100,--seed,222,--pretrained,True
python3,/cmlscratch/sdooley1/face.evoLVe.PyTorch/fairness_test_Celeba_timm.py,--backbone_name,gluon_resnet152_v1d,--input_size,112,--batch_size,100,--seed,222,--pretrained,True
python3,/cmlscratch/sdooley1/face.evoLVe.PyTorch/fairness_test_Celeba_timm.py,--backbone_name,gluon_resnet152_v1s,--input_size,112,--batch_size,100,--seed,222,--pretrained,True
python3,/cmlscratch/sdooley1/face.evoLVe.PyTorch/fairness_test_Celeba_timm.py,--backbone_name,gluon_resnext101_32x4d,--input_size,112,--batch_size,100,--seed,222,--pretrained,True
python3,/cmlscratch/sdooley1/face.evoLVe.PyTorch/fairness_test_Celeba_timm.py,--backbone_name,gluon_resnext101_64x4d,--input_size,112,--batch_size,100,--seed,222,--pretrained,True
python3,/cmlscratch/sdooley1/face.evoLVe.PyTorch/fairness_test_Celeba_timm.py,--backbone_name,gluon_senet154,--input_size,112,--batch_size,100,--seed,222,--pretrained,True
python3,/cmlscratch/sdooley1/face.evoLVe.PyTorch/fairness_test_Celeba_timm.py,--backbone_name,gluon_seresnext101_32x4d,--input_size,112,--batch_size,100,--seed,222,--pretrained,True
python3,/cmlscratch/sdooley1/face.evoLVe.PyTorch/fairness_test_Celeba_timm.py,--backbone_name,gluon_seresnext101_64x4d,--input_size,112,--batch_size,100,--seed,222,--pretrained,True
python3,/cmlscratch/sdooley1/face.evoLVe.PyTorch/fairness_test_Celeba_timm.py,--backbone_name,gluon_xception65,--input_size,112,--batch_size,100,--seed,222,--pretrained,True
python3,/cmlscratch/sdooley1/face.evoLVe.PyTorch/fairness_test_Celeba_timm.py,--backbone_name,resnet152,--input_size,112,--batch_size,100,--seed,222,--pretrained,True
python3,/cmlscratch/sdooley1/face.evoLVe.PyTorch/fairness_test_Celeba_timm.py,--backbone_name,resnet152d,--input_size,112,--batch_size,100,--seed,222,--pretrained,True
python3,/cmlscratch/sdooley1/face.evoLVe.PyTorch/fairness_test_Celeba_timm.py,--backbone_name,resnet200d,--input_size,112,--batch_size,100,--seed,222,--pretrained,True
python3,/cmlscratch/sdooley1/face.evoLVe.PyTorch/fairness_test_Celeba_timm.py,--backbone_name,resnetrs101,--input_size,112,--batch_size,100,--seed,222,--pretrained,True
python3,/cmlscratch/sdooley1/face.evoLVe.PyTorch/fairness_test_Celeba_timm.py,--backbone_name,resnetrs152,--input_size,112,--batch_size,100,--seed,222,--pretrained,True
python3,/cmlscratch/sdooley1/face.evoLVe.PyTorch/fairness_test_Celeba_timm.py,--backbone_name,resnetrs200,--input_size,112,--batch_size,100,--seed,222,--pretrained,True
python3,/cmlscratch/sdooley1/face.evoLVe.PyTorch/fairness_test_Celeba_timm.py,--backbone_name,xception41,--input_size,112,--batch_size,100,--seed,222,--pretrained,True
python3,/cmlscratch/sdooley1/face.evoLVe.PyTorch/fairness_test_Celeba_timm.py,--backbone_name,xception65,--input_size,112,--batch_size,100,--seed,222,--pretrained,True
python3,/cmlscratch/sdooley1/face.evoLVe.PyTorch/fairness_test_Celeba_timm.py,--backbone_name,xception71,--input_size,112,--batch_size,100,--seed,222,--pretrained,True
python3,/cmlscratch/sdooley1/face.evoLVe.PyTorch/fairness_test_Celeba_timm.py,--backbone_name,resnetv2_50x3_bitm,--input_size,112,--batch_size,100,--seed,222,--pretrained,True
python3,/cmlscratch/sdooley1/face.evoLVe.PyTorch/fairness_test_Celeba_timm.py,--backbone_name,resnetv2_50x3_bitm_in21k,--input_size,112,--batch_size,100,--seed,222,--pretrained,True
python3,/cmlscratch/sdooley1/face.evoLVe.PyTorch/fairness_test_Celeba_timm.py,--backbone_name,convnext_base,--input_size,112,--batch_size,100,--seed,222,--pretrained,True
python3,/cmlscratch/sdooley1/face.evoLVe.PyTorch/fairness_test_Celeba_timm.py,--backbone_name,convnext_base_384_in22ft1k,--input_size,112,--batch_size,100,--seed,222,--pretrained,True
python3,/cmlscratch/sdooley1/face.evoLVe.PyTorch/fairness_test_Celeba_timm.py,--backbone_name,convnext_base_in22ft1k,--input_size,112,--batch_size,100,--seed,222,--pretrained,True
python3,/cmlscratch/sdooley1/face.evoLVe.PyTorch/fairness_test_Celeba_timm.py,--backbone_name,convnext_base_in22k,--input_size,112,--batch_size,100,--seed,222,--pretrained,True
python3,/cmlscratch/sdooley1/face.evoLVe.PyTorch/fairness_test_Celeba_timm.py,--backbone_name,convnext_large,--input_size,112,--batch_size,100,--seed,222,--pretrained,True
python3,/cmlscratch/sdooley1/face.evoLVe.PyTorch/fairness_test_Celeba_timm.py,--backbone_name,convnext_large_384_in22ft1k,--input_size,112,--batch_size,100,--seed,222,--pretrained,True
python3,/cmlscratch/sdooley1/face.evoLVe.PyTorch/fairness_test_Celeba_timm.py,--backbone_name,convnext_large_in22ft1k,--input_size,112,--batch_size,100,--seed,222,--pretrained,True
python3,/cmlscratch/sdooley1/face.evoLVe.PyTorch/fairness_test_Celeba_timm.py,--backbone_name,convnext_large_in22k,--input_size,112,--batch_size,100,--seed,222,--pretrained,True
python3,/cmlscratch/sdooley1/face.evoLVe.PyTorch/fairness_test_Celeba_timm.py,--backbone_name,convnext_small,--input_size,112,--batch_size,100,--seed,222,--pretrained,True
python3,/cmlscratch/sdooley1/face.evoLVe.PyTorch/fairness_test_Celeba_timm.py,--backbone_name,densenet161,--input_size,112,--batch_size,100,--seed,222,--pretrained,True
python3,/cmlscratch/sdooley1/face.evoLVe.PyTorch/fairness_test_Celeba_timm.py,--backbone_name,densenet201,--input_size,112,--batch_size,100,--seed,222,--pretrained,True
python3,/cmlscratch/sdooley1/face.evoLVe.PyTorch/fairness_test_Celeba_timm.py,--backbone_name,dm_nfnet_f1,--input_size,112,--batch_size,100,--seed,222,--pretrained,True
python3,/cmlscratch/sdooley1/face.evoLVe.PyTorch/fairness_test_Celeba_timm.py,--backbone_name,dm_nfnet_f2,--input_size,112,--batch_size,100,--seed,222,--pretrained,True
python3,/cmlscratch/sdooley1/face.evoLVe.PyTorch/fairness_test_Celeba_timm.py,--backbone_name,dpn107,--input_size,112,--batch_size,100,--seed,222,--pretrained,True
python3,/cmlscratch/sdooley1/face.evoLVe.PyTorch/fairness_test_Celeba_timm.py,--backbone_name,dpn131,--input_size,112,--batch_size,100,--seed,222,--pretrained,True
python3,/cmlscratch/sdooley1/face.evoLVe.PyTorch/fairness_test_Celeba_timm.py,--backbone_name,dpn92,--input_size,112,--batch_size,100,--seed,222,--pretrained,True
python3,/cmlscratch/sdooley1/face.evoLVe.PyTorch/fairness_test_Celeba_timm.py,--backbone_name,dpn98,--input_size,112,--batch_size,100,--seed,222,--pretrained,True
python3,/cmlscratch/sdooley1/face.evoLVe.PyTorch/fairness_test_Celeba_timm.py,--backbone_name,eca_nfnet_l2,--input_size,112,--batch_size,100,--seed,222,--pretrained,True
python3,/cmlscratch/sdooley1/face.evoLVe.PyTorch/fairness_test_Celeba_timm.py,--backbone_name,ecaresnet101d,--input_size,112,--batch_size,100,--seed,222,--pretrained,True
python3,/cmlscratch/sdooley1/face.evoLVe.PyTorch/fairness_test_Celeba_timm.py,--backbone_name,efficientnet_b1_pruned,--input_size,112,--batch_size,100,--seed,222,--pretrained,True
python3,/cmlscratch/sdooley1/face.evoLVe.PyTorch/fairness_test_Celeba_timm.py,--backbone_name,efficientnet_b3,--input_size,112,--batch_size,100,--seed,222,--pretrained,True
python3,/cmlscratch/sdooley1/face.evoLVe.PyTorch/fairness_test_Celeba_timm.py,--backbone_name,efficientnet_b4,--input_size,112,--batch_size,100,--seed,222,--pretrained,True
python3,/cmlscratch/sdooley1/face.evoLVe.PyTorch/fairness_test_Celeba_timm.py,--backbone_name,efficientnet_el,--input_size,112,--batch_size,100,--seed,222,--pretrained,True
python3,/cmlscratch/sdooley1/face.evoLVe.PyTorch/fairness_test_Celeba_timm.py,--backbone_name,efficientnet_es_pruned,--input_size,112,--batch_size,100,--seed,222,--pretrained,True
python3,/cmlscratch/sdooley1/face.evoLVe.PyTorch/fairness_test_Celeba_timm.py,--backbone_name,efficientnetv2_rw_m,--input_size,112,--batch_size,100,--seed,222,--pretrained,True
python3,/cmlscratch/sdooley1/face.evoLVe.PyTorch/fairness_test_Celeba_timm.py,--backbone_name,efficientnetv2_rw_s,--input_size,112,--batch_size,100,--seed,222,--pretrained,True
python3,/cmlscratch/sdooley1/face.evoLVe.PyTorch/fairness_test_Celeba_timm.py,--backbone_name,ens_adv_inception_resnet_v2,--input_size,112,--batch_size,100,--seed,222,--pretrained,True
python3,/cmlscratch/sdooley1/face.evoLVe.PyTorch/fairness_test_Celeba_timm.py,--backbone_name,fbnetc_100,--input_size,112,--batch_size,100,--seed,222,--pretrained,True
python3,/cmlscratch/sdooley1/face.evoLVe.PyTorch/fairness_test_Celeba_timm.py,--backbone_name,gernet_l,--input_size,112,--batch_size,100,--seed,222,--pretrained,True
python3,/cmlscratch/sdooley1/face.evoLVe.PyTorch/fairness_test_Celeba_timm.py,--backbone_name,hardcorenas_a,--input_size,112,--batch_size,100,--seed,222,--pretrained,True
python3,/cmlscratch/sdooley1/face.evoLVe.PyTorch/fairness_test_Celeba_timm.py,--backbone_name,hardcorenas_c,--input_size,112,--batch_size,100,--seed,222,--pretrained,True
python3,/cmlscratch/sdooley1/face.evoLVe.PyTorch/fairness_test_Celeba_timm.py,--backbone_name,hardcorenas_d,--input_size,112,--batch_size,100,--seed,222,--pretrained,True
python3,/cmlscratch/sdooley1/face.evoLVe.PyTorch/fairness_test_Celeba_timm.py,--backbone_name,inception_v3,--input_size,112,--batch_size,100,--seed,222,--pretrained,True
python3,/cmlscratch/sdooley1/face.evoLVe.PyTorch/fairness_test_Celeba_timm.py,--backbone_name,inception_v4,--input_size,112,--batch_size,100,--seed,222,--pretrained,True
python3,/cmlscratch/sdooley1/face.evoLVe.PyTorch/fairness_test_Celeba_timm.py,--backbone_name,lcnet_075,--input_size,112,--batch_size,100,--seed,222,--pretrained,True
python3,/cmlscratch/sdooley1/face.evoLVe.PyTorch/fairness_test_Celeba_timm.py,--backbone_name,legacy_seresnet101,--input_size,112,--batch_size,100,--seed,222,--pretrained,True
python3,/cmlscratch/sdooley1/face.evoLVe.PyTorch/fairness_test_Celeba_timm.py,--backbone_name,legacy_seresnet152,--input_size,112,--batch_size,100,--seed,222,--pretrained,True
python3,/cmlscratch/sdooley1/face.evoLVe.PyTorch/fairness_test_Celeba_timm.py,--backbone_name,legacy_seresnet50,--input_size,112,--batch_size,100,--seed,222,--pretrained,True
python3,/cmlscratch/sdooley1/face.evoLVe.PyTorch/fairness_test_Celeba_timm.py,--backbone_name,mixnet_m,--input_size,112,--batch_size,100,--seed,222,--pretrained,True
python3,/cmlscratch/sdooley1/face.evoLVe.PyTorch/fairness_test_Celeba_timm.py,--backbone_name,regnetx_008,--input_size,112,--batch_size,100,--seed,222,--pretrained,True
python3,/cmlscratch/sdooley1/face.evoLVe.PyTorch/fairness_test_Celeba_timm.py,--backbone_name,regnetx_040,--input_size,112,--batch_size,100,--seed,222,--pretrained,True
python3,/cmlscratch/sdooley1/face.evoLVe.PyTorch/fairness_test_Celeba_timm.py,--backbone_name,regnetx_320,--input_size,112,--batch_size,100,--seed,222,--pretrained,True
python3,/cmlscratch/sdooley1/face.evoLVe.PyTorch/fairness_test_Celeba_timm.py,--backbone_name,regnety_004,--input_size,112,--batch_size,100,--seed,222,--pretrained,True
python3,/cmlscratch/sdooley1/face.evoLVe.PyTorch/fairness_test_Celeba_timm.py,--backbone_name,regnety_006,--input_size,112,--batch_size,100,--seed,222,--pretrained,True
python3,/cmlscratch/sdooley1/face.evoLVe.PyTorch/fairness_test_Celeba_timm.py,--backbone_name,regnety_120,--input_size,112,--batch_size,100,--seed,222,--pretrained,True
python3,/cmlscratch/sdooley1/face.evoLVe.PyTorch/fairness_test_Celeba_timm.py,--backbone_name,regnety_160,--input_size,112,--batch_size,100,--seed,222,--pretrained,True
python3,/cmlscratch/sdooley1/face.evoLVe.PyTorch/fairness_test_Celeba_timm.py,--backbone_name,regnety_320,--input_size,112,--batch_size,100,--seed,222,--pretrained,True
python3,/cmlscratch/sdooley1/face.evoLVe.PyTorch/fairness_test_Celeba_timm.py,--backbone_name,regnetz_d32,--input_size,112,--batch_size,100,--seed,222,--pretrained,True
python3,/cmlscratch/sdooley1/face.evoLVe.PyTorch/fairness_test_Celeba_timm.py,--backbone_name,res2net50_26w_8s,--input_size,112,--batch_size,100,--seed,222,--pretrained,True
python3,/cmlscratch/sdooley1/face.evoLVe.PyTorch/fairness_test_Celeba_timm.py,--backbone_name,res2net50_48w_2s,--input_size,112,--batch_size,100,--seed,222,--pretrained,True
python3,/cmlscratch/sdooley1/face.evoLVe.PyTorch/fairness_test_Celeba_timm.py,--backbone_name,selecsls60b,--input_size,112,--batch_size,100,--seed,222,--pretrained,True
python3,/cmlscratch/sdooley1/face.evoLVe.PyTorch/fairness_test_Celeba_timm.py,--backbone_name,seresnet152d,--input_size,112,--batch_size,100,--seed,222,--pretrained,True
python3,/cmlscratch/sdooley1/face.evoLVe.PyTorch/fairness_test_Celeba_timm.py,--backbone_name,ssl_resnet50,--input_size,112,--batch_size,100,--seed,222,--pretrained,True
python3,/cmlscratch/sdooley1/face.evoLVe.PyTorch/fairness_test_Celeba_timm.py,--backbone_name,swsl_resnet50,--input_size,112,--batch_size,100,--seed,222,--pretrained,True
python3,/cmlscratch/sdooley1/face.evoLVe.PyTorch/fairness_test_Celeba_timm.py,--backbone_name,tf_efficientnet_b2_ns,--input_size,112,--batch_size,100,--seed,222,--pretrained,True
python3,/cmlscratch/sdooley1/face.evoLVe.PyTorch/fairness_test_Celeba_timm.py,--backbone_name,tf_efficientnet_b3,--input_size,112,--batch_size,100,--seed,222,--pretrained,True
python3,/cmlscratch/sdooley1/face.evoLVe.PyTorch/fairness_test_Celeba_timm.py,--backbone_name,tf_efficientnet_b3_ap,--input_size,112,--batch_size,100,--seed,222,--pretrained,True
python3,/cmlscratch/sdooley1/face.evoLVe.PyTorch/fairness_test_Celeba_timm.py,--backbone_name,tf_efficientnet_b4,--input_size,112,--batch_size,100,--seed,222,--pretrained,True
python3,/cmlscratch/sdooley1/face.evoLVe.PyTorch/fairness_test_Celeba_timm.py,--backbone_name,tf_efficientnet_b5,--input_size,112,--batch_size,100,--seed,222,--pretrained,True
python3,/cmlscratch/sdooley1/face.evoLVe.PyTorch/fairness_test_Celeba_timm.py,--backbone_name,tf_efficientnet_b5_ns,--input_size,112,--batch_size,100,--seed,222,--pretrained,True
python3,/cmlscratch/sdooley1/face.evoLVe.PyTorch/fairness_test_Celeba_timm.py,--backbone_name,tf_efficientnet_cc_b1_8e,--input_size,112,--batch_size,100,--seed,222,--pretrained,True
python3,/cmlscratch/sdooley1/face.evoLVe.PyTorch/fairness_test_Celeba_timm.py,--backbone_name,tf_efficientnet_es,--input_size,112,--batch_size,100,--seed,222,--pretrained,True
python3,/cmlscratch/sdooley1/face.evoLVe.PyTorch/fairness_test_Celeba_timm.py,--backbone_name,tf_efficientnet_lite4,--input_size,112,--batch_size,100,--seed,222,--pretrained,True
python3,/cmlscratch/sdooley1/face.evoLVe.PyTorch/fairness_test_Celeba_timm.py,--backbone_name,tf_efficientnetv2_m,--input_size,112,--batch_size,100,--seed,222,--pretrained,True
python3,/cmlscratch/sdooley1/face.evoLVe.PyTorch/fairness_test_Celeba_timm.py,--backbone_name,tf_efficientnetv2_m_in21ft1k,--input_size,112,--batch_size,100,--seed,222,--pretrained,True
python3,/cmlscratch/sdooley1/face.evoLVe.PyTorch/fairness_test_Celeba_timm.py,--backbone_name,tf_efficientnetv2_m_in21k,--input_size,112,--batch_size,100,--seed,222,--pretrained,True
python3,/cmlscratch/sdooley1/face.evoLVe.PyTorch/fairness_test_Celeba_timm.py,--backbone_name,tf_efficientnetv2_s_in21ft1k,--input_size,112,--batch_size,100,--seed,222,--pretrained,True
python3,/cmlscratch/sdooley1/face.evoLVe.PyTorch/fairness_test_Celeba_timm.py,--backbone_name,tf_efficientnetv2_s_in21k,--input_size,112,--batch_size,100,--seed,222,--pretrained,True
python3,/cmlscratch/sdooley1/face.evoLVe.PyTorch/fairness_test_Celeba_timm.py,--backbone_name,tf_mixnet_s,--input_size,112,--batch_size,100,--seed,222,--pretrained,True
python3,/cmlscratch/sdooley1/face.evoLVe.PyTorch/fairness_test_Celeba_timm.py,--backbone_name,tinynet_d,--input_size,112,--batch_size,100,--seed,222,--pretrained,True
python3,/cmlscratch/sdooley1/face.evoLVe.PyTorch/fairness_test_Celeba_timm.py,--backbone_name,tv_resnet101,--input_size,112,--batch_size,100,--seed,222,--pretrained,True
python3,/cmlscratch/sdooley1/face.evoLVe.PyTorch/fairness_test_Celeba_timm.py,--backbone_name,tv_resnet152,--input_size,112,--batch_size,100,--seed,222,--pretrained,True
python3,/cmlscratch/sdooley1/face.evoLVe.PyTorch/fairness_test_Celeba_timm.py,--backbone_name,twins_pcpvt_base,--input_size,112,--batch_size,100,--seed,222,--pretrained,True
python3,/cmlscratch/sdooley1/face.evoLVe.PyTorch/fairness_test_Celeba_timm.py,--backbone_name,twins_pcpvt_large,--input_size,112,--batch_size,100,--seed,222,--pretrained,True
python3,/cmlscratch/sdooley1/face.evoLVe.PyTorch/fairness_test_Celeba_timm.py,--backbone_name,wide_resnet101_2,--input_size,112,--batch_size,100,--seed,222,--pretrained,True
python3,/cmlscratch/sdooley1/face.evoLVe.PyTorch/fairness_test_Celeba_timm.py,--backbone_name,xcit_medium_24_p16_224,--input_size,112,--batch_size,100,--seed,222,--pretrained,True
python3,/cmlscratch/sdooley1/face.evoLVe.PyTorch/fairness_test_Celeba_timm.py,--backbone_name,xcit_medium_24_p16_224_dist,--input_size,112,--batch_size,100,--seed,222,--pretrained,True
python3,/cmlscratch/sdooley1/face.evoLVe.PyTorch/fairness_test_Celeba_timm.py,--backbone_name,xcit_small_12_p16_224,--input_size,112,--batch_size,100,--seed,222,--pretrained,True
python3,/cmlscratch/sdooley1/face.evoLVe.PyTorch/fairness_test_Celeba_timm.py,--backbone_name,xcit_small_24_p16_224_dist,--input_size,112,--batch_size,100,--seed,222,--pretrained,True
python3,/cmlscratch/sdooley1/face.evoLVe.PyTorch/fairness_test_Celeba_timm.py,--backbone_name,xcit_small_24_p16_384_dist,--input_size,112,--batch_size,100,--seed,222,--pretrained,True
python3,/cmlscratch/sdooley1/face.evoLVe.PyTorch/fairness_test_Celeba_timm.py,--backbone_name,xcit_tiny_12_p8_224_dist,--input_size,112,--batch_size,100,--seed,222,--pretrained,True
python3,/cmlscratch/sdooley1/face.evoLVe.PyTorch/fairness_test_Celeba_timm.py,--backbone_name,xcit_tiny_12_p8_384_dist,--input_size,112,--batch_size,100,--seed,222,--pretrained,True
python3,/cmlscratch/sdooley1/face.evoLVe.PyTorch/fairness_test_Celeba_timm.py,--backbone_name,ig_resnext101_32x16d,--input_size,112,--batch_size,50,--seed,222,--pretrained,True
python3,/cmlscratch/sdooley1/face.evoLVe.PyTorch/fairness_test_Celeba_timm.py,--backbone_name,ig_resnext101_32x8d,--input_size,112,--batch_size,50,--seed,222,--pretrained,True
python3,/cmlscratch/sdooley1/face.evoLVe.PyTorch/fairness_test_Celeba_timm.py,--backbone_name,legacy_seresnext101_32x4d,--input_size,112,--batch_size,50,--seed,222,--pretrained,True
python3,/cmlscratch/sdooley1/face.evoLVe.PyTorch/fairness_test_Celeba_timm.py,--backbone_name,resnext101_32x8d,--input_size,112,--batch_size,50,--seed,222,--pretrained,True
python3,/cmlscratch/sdooley1/face.evoLVe.PyTorch/fairness_test_Celeba_timm.py,--backbone_name,resnext26ts,--input_size,112,--batch_size,50,--seed,222,--pretrained,True
python3,/cmlscratch/sdooley1/face.evoLVe.PyTorch/fairness_test_Celeba_timm.py,--backbone_name,seresnext26d_32x4d,--input_size,112,--batch_size,50,--seed,222,--pretrained,True
python3,/cmlscratch/sdooley1/face.evoLVe.PyTorch/fairness_test_Celeba_timm.py,--backbone_name,seresnext26ts,--input_size,112,--batch_size,50,--seed,222,--pretrained,True
python3,/cmlscratch/sdooley1/face.evoLVe.PyTorch/fairness_test_Celeba_timm.py,--backbone_name,ssl_resnext101_32x8d,--input_size,112,--batch_size,50,--seed,222,--pretrained,True
python3,/cmlscratch/sdooley1/face.evoLVe.PyTorch/fairness_test_Celeba_timm.py,--backbone_name,swsl_resnext101_32x4d,--input_size,112,--batch_size,50,--seed,222,--pretrained,True
python3,/cmlscratch/sdooley1/face.evoLVe.PyTorch/fairness_test_Celeba_timm.py,--backbone_name,convmixer_1536_20,--input_size,112,--batch_size,50,--seed,222,--pretrained,True
python3,/cmlscratch/sdooley1/face.evoLVe.PyTorch/fairness_test_Celeba_timm.py,--backbone_name,convmixer_768_32,--input_size,112,--batch_size,50,--seed,222,--pretrained,True
python3,/cmlscratch/sdooley1/face.evoLVe.PyTorch/fairness_test_Celeba_timm.py,--backbone_name,convnext_xlarge_384_in22ft1k,--input_size,112,--batch_size,50,--seed,222,--pretrained,True
python3,/cmlscratch/sdooley1/face.evoLVe.PyTorch/fairness_test_Celeba_timm.py,--backbone_name,convnext_xlarge_in22ft1k,--input_size,112,--batch_size,50,--seed,222,--pretrained,True
python3,/cmlscratch/sdooley1/face.evoLVe.PyTorch/fairness_test_Celeba_timm.py,--backbone_name,convnext_xlarge_in22k,--input_size,112,--batch_size,50,--seed,222,--pretrained,True
python3,/cmlscratch/sdooley1/face.evoLVe.PyTorch/fairness_test_Celeba_timm.py,--backbone_name,dm_nfnet_f3,--input_size,112,--batch_size,50,--seed,222,--pretrained,True
python3,/cmlscratch/sdooley1/face.evoLVe.PyTorch/fairness_test_Celeba_timm.py,--backbone_name,dm_nfnet_f4,--input_size,112,--batch_size,50,--seed,222,--pretrained,True
python3,/cmlscratch/sdooley1/face.evoLVe.PyTorch/fairness_test_Celeba_timm.py,--backbone_name,ecaresnet269d,--input_size,112,--batch_size,50,--seed,222,--pretrained,True
python3,/cmlscratch/sdooley1/face.evoLVe.PyTorch/fairness_test_Celeba_timm.py,--backbone_name,gc_efficientnetv2_rw_t,--input_size,112,--batch_size,50,--seed,222,--pretrained,True
python3,/cmlscratch/sdooley1/face.evoLVe.PyTorch/fairness_test_Celeba_timm.py,--backbone_name,gernet_m,--input_size,112,--batch_size,50,--seed,222,--pretrained,True
python3,/cmlscratch/sdooley1/face.evoLVe.PyTorch/fairness_test_Celeba_timm.py,--backbone_name,lcnet_050,--input_size,112,--batch_size,50,--seed,222,--pretrained,True
python3,/cmlscratch/sdooley1/face.evoLVe.PyTorch/fairness_test_Celeba_timm.py,--backbone_name,legacy_senet154,--input_size,112,--batch_size,50,--seed,222,--pretrained,True
python3,/cmlscratch/sdooley1/face.evoLVe.PyTorch/fairness_test_Celeba_timm.py,--backbone_name,legacy_seresnet18,--input_size,112,--batch_size,50,--seed,222,--pretrained,True
python3,/cmlscratch/sdooley1/face.evoLVe.PyTorch/fairness_test_Celeba_timm.py,--backbone_name,mnasnet_100,--input_size,112,--batch_size,50,--seed,222,--pretrained,True
python3,/cmlscratch/sdooley1/face.evoLVe.PyTorch/fairness_test_Celeba_timm.py,--backbone_name,nasnetalarge,--input_size,112,--batch_size,50,--seed,222,--pretrained,True
python3,/cmlscratch/sdooley1/face.evoLVe.PyTorch/fairness_test_Celeba_timm.py,--backbone_name,nf_regnet_b1,--input_size,112,--batch_size,50,--seed,222,--pretrained,True
python3,/cmlscratch/sdooley1/face.evoLVe.PyTorch/fairness_test_Celeba_timm.py,--backbone_name,pnasnet5large,--input_size,112,--batch_size,50,--seed,222,--pretrained,True
python3,/cmlscratch/sdooley1/face.evoLVe.PyTorch/fairness_test_Celeba_timm.py,--backbone_name,regnetx_002,--input_size,112,--batch_size,50,--seed,222,--pretrained,True
python3,/cmlscratch/sdooley1/face.evoLVe.PyTorch/fairness_test_Celeba_timm.py,--backbone_name,regnetx_004,--input_size,112,--batch_size,50,--seed,222,--pretrained,True
python3,/cmlscratch/sdooley1/face.evoLVe.PyTorch/fairness_test_Celeba_timm.py,--backbone_name,regnetx_120,--input_size,112,--batch_size,50,--seed,222,--pretrained,True
python3,/cmlscratch/sdooley1/face.evoLVe.PyTorch/fairness_test_Celeba_timm.py,--backbone_name,regnetx_160,--input_size,112,--batch_size,50,--seed,222,--pretrained,True
python3,/cmlscratch/sdooley1/face.evoLVe.PyTorch/fairness_test_Celeba_timm.py,--backbone_name,regnety_008,--input_size,112,--batch_size,50,--seed,222,--pretrained,True
python3,/cmlscratch/sdooley1/face.evoLVe.PyTorch/fairness_test_Celeba_timm.py,--backbone_name,regnety_064,--input_size,112,--batch_size,50,--seed,222,--pretrained,True
python3,/cmlscratch/sdooley1/face.evoLVe.PyTorch/fairness_test_Celeba_timm.py,--backbone_name,regnety_080,--input_size,112,--batch_size,50,--seed,222,--pretrained,True
python3,/cmlscratch/sdooley1/face.evoLVe.PyTorch/fairness_test_Celeba_timm.py,--backbone_name,regnetz_c16,--input_size,112,--batch_size,50,--seed,222,--pretrained,True
python3,/cmlscratch/sdooley1/face.evoLVe.PyTorch/fairness_test_Celeba_timm.py,--backbone_name,regnetz_d8,--input_size,112,--batch_size,50,--seed,222,--pretrained,True
python3,/cmlscratch/sdooley1/face.evoLVe.PyTorch/fairness_test_Celeba_timm.py,--backbone_name,regnetz_e8,--input_size,112,--batch_size,50,--seed,222,--pretrained,True
python3,/cmlscratch/sdooley1/face.evoLVe.PyTorch/fairness_test_Celeba_timm.py,--backbone_name,res2net101_26w_4s,--input_size,112,--batch_size,50,--seed,222,--pretrained,True
python3,/cmlscratch/sdooley1/face.evoLVe.PyTorch/fairness_test_Celeba_timm.py,--backbone_name,semnasnet_100,--input_size,112,--batch_size,50,--seed,222,--pretrained,True
python3,/cmlscratch/sdooley1/face.evoLVe.PyTorch/fairness_test_Celeba_timm.py,--backbone_name,seresnet50,--input_size,112,--batch_size,50,--seed,222,--pretrained,True
python3,/cmlscratch/sdooley1/face.evoLVe.PyTorch/fairness_test_Celeba_timm.py,--backbone_name,tf_efficientnet_b0,--input_size,112,--batch_size,50,--seed,222,--pretrained,True
python3,/cmlscratch/sdooley1/face.evoLVe.PyTorch/fairness_test_Celeba_timm.py,--backbone_name,tf_efficientnet_b0_ns,--input_size,112,--batch_size,50,--seed,222,--pretrained,True
python3,/cmlscratch/sdooley1/face.evoLVe.PyTorch/fairness_test_Celeba_timm.py,--backbone_name,tf_efficientnet_b1,--input_size,112,--batch_size,50,--seed,222,--pretrained,True
python3,/cmlscratch/sdooley1/face.evoLVe.PyTorch/fairness_test_Celeba_timm.py,--backbone_name,tf_efficientnet_b2_ap,--input_size,112,--batch_size,50,--seed,222,--pretrained,True
python3,/cmlscratch/sdooley1/face.evoLVe.PyTorch/fairness_test_Celeba_timm.py,--backbone_name,tf_efficientnet_b3_ns,--input_size,112,--batch_size,50,--seed,222,--pretrained,True
python3,/cmlscratch/sdooley1/face.evoLVe.PyTorch/fairness_test_Celeba_timm.py,--backbone_name,tf_efficientnet_b4_ap,--input_size,112,--batch_size,50,--seed,222,--pretrained,True
python3,/cmlscratch/sdooley1/face.evoLVe.PyTorch/fairness_test_Celeba_timm.py,--backbone_name,tf_efficientnet_b4_ns,--input_size,112,--batch_size,50,--seed,222,--pretrained,True
python3,/cmlscratch/sdooley1/face.evoLVe.PyTorch/fairness_test_Celeba_timm.py,--backbone_name,tf_efficientnet_b5_ap,--input_size,112,--batch_size,50,--seed,222,--pretrained,True
python3,/cmlscratch/sdooley1/face.evoLVe.PyTorch/fairness_test_Celeba_timm.py,--backbone_name,tf_efficientnet_b6,--input_size,112,--batch_size,50,--seed,222,--pretrained,True
python3,/cmlscratch/sdooley1/face.evoLVe.PyTorch/fairness_test_Celeba_timm.py,--backbone_name,tf_efficientnet_b6_ap,--input_size,112,--batch_size,50,--seed,222,--pretrained,True
python3,/cmlscratch/sdooley1/face.evoLVe.PyTorch/fairness_test_Celeba_timm.py,--backbone_name,tf_efficientnet_b6_ns,--input_size,112,--batch_size,50,--seed,222,--pretrained,True
python3,/cmlscratch/sdooley1/face.evoLVe.PyTorch/fairness_test_Celeba_timm.py,--backbone_name,tf_efficientnet_b7,--input_size,112,--batch_size,50,--seed,222,--pretrained,True
python3,/cmlscratch/sdooley1/face.evoLVe.PyTorch/fairness_test_Celeba_timm.py,--backbone_name,tf_efficientnet_b7_ap,--input_size,112,--batch_size,50,--seed,222,--pretrained,True
python3,/cmlscratch/sdooley1/face.evoLVe.PyTorch/fairness_test_Celeba_timm.py,--backbone_name,tf_efficientnet_b7_ns,--input_size,112,--batch_size,50,--seed,222,--pretrained,True
python3,/cmlscratch/sdooley1/face.evoLVe.PyTorch/fairness_test_Celeba_timm.py,--backbone_name,tf_efficientnet_b8,--input_size,112,--batch_size,50,--seed,222,--pretrained,True
python3,/cmlscratch/sdooley1/face.evoLVe.PyTorch/fairness_test_Celeba_timm.py,--backbone_name,tf_efficientnet_b8_ap,--input_size,112,--batch_size,50,--seed,222,--pretrained,True
python3,/cmlscratch/sdooley1/face.evoLVe.PyTorch/fairness_test_Celeba_timm.py,--backbone_name,tf_efficientnetv2_l,--input_size,112,--batch_size,50,--seed,222,--pretrained,True
python3,/cmlscratch/sdooley1/face.evoLVe.PyTorch/fairness_test_Celeba_timm.py,--backbone_name,tf_efficientnetv2_l_in21ft1k,--input_size,112,--batch_size,50,--seed,222,--pretrained,True
python3,/cmlscratch/sdooley1/face.evoLVe.PyTorch/fairness_test_Celeba_timm.py,--backbone_name,tf_efficientnetv2_l_in21k,--input_size,112,--batch_size,50,--seed,222,--pretrained,True
python3,/cmlscratch/sdooley1/face.evoLVe.PyTorch/fairness_test_Celeba_timm.py,--backbone_name,tf_efficientnetv2_s,--input_size,112,--batch_size,50,--seed,222,--pretrained,True
python3,/cmlscratch/sdooley1/face.evoLVe.PyTorch/fairness_test_Celeba_timm.py,--backbone_name,tf_efficientnetv2_xl_in21ft1k,--input_size,112,--batch_size,50,--seed,222,--pretrained,True
python3,/cmlscratch/sdooley1/face.evoLVe.PyTorch/fairness_test_Celeba_timm.py,--backbone_name,tf_efficientnetv2_xl_in21k,--input_size,112,--batch_size,50,--seed,222,--pretrained,True
python3,/cmlscratch/sdooley1/face.evoLVe.PyTorch/fairness_test_Celeba_timm.py,--backbone_name,tinynet_e,--input_size,112,--batch_size,50,--seed,222,--pretrained,True
python3,/cmlscratch/sdooley1/face.evoLVe.PyTorch/fairness_test_Celeba_timm.py,--backbone_name,tv_resnet50,--input_size,112,--batch_size,50,--seed,222,--pretrained,True
python3,/cmlscratch/sdooley1/face.evoLVe.PyTorch/fairness_test_Celeba_timm.py,--backbone_name,twins_svt_large,--input_size,112,--batch_size,50,--seed,222,--pretrained,True
python3,/cmlscratch/sdooley1/face.evoLVe.PyTorch/fairness_test_Celeba_timm.py,--backbone_name,xcit_large_24_p16_224,--input_size,112,--batch_size,50,--seed,222,--pretrained,True
python3,/cmlscratch/sdooley1/face.evoLVe.PyTorch/fairness_test_Celeba_timm.py,--backbone_name,xcit_large_24_p16_224_dist,--input_size,112,--batch_size,50,--seed,222,--pretrained,True
python3,/cmlscratch/sdooley1/face.evoLVe.PyTorch/fairness_test_Celeba_timm.py,--backbone_name,xcit_large_24_p16_384_dist,--input_size,112,--batch_size,50,--seed,222,--pretrained,True
python3,/cmlscratch/sdooley1/face.evoLVe.PyTorch/fairness_test_Celeba_timm.py,--backbone_name,xcit_medium_24_p16_384_dist,--input_size,112,--batch_size,50,--seed,222,--pretrained,True
python3,/cmlscratch/sdooley1/face.evoLVe.PyTorch/fairness_test_Celeba_timm.py,--backbone_name,xcit_small_12_p8_224,--input_size,112,--batch_size,50,--seed,222,--pretrained,True
python3,/cmlscratch/sdooley1/face.evoLVe.PyTorch/fairness_test_Celeba_timm.py,--backbone_name,xcit_small_12_p8_384_dist,--input_size,112,--batch_size,50,--seed,222,--pretrained,True
python3,/cmlscratch/sdooley1/face.evoLVe.PyTorch/fairness_test_Celeba_timm.py,--backbone_name,xcit_small_24_p16_224,--input_size,112,--batch_size,50,--seed,222,--pretrained,True
python3,/cmlscratch/sdooley1/face.evoLVe.PyTorch/fairness_test_Celeba_timm.py,--backbone_name,xcit_tiny_12_p8_224,--input_size,112,--batch_size,50,--seed,222,--pretrained,True
python3,/cmlscratch/sdooley1/face.evoLVe.PyTorch/fairness_test_Celeba_timm.py,--backbone_name,xcit_tiny_24_p8_224,--input_size,112,--batch_size,50,--seed,222,--pretrained,True
python3,/cmlscratch/sdooley1/face.evoLVe.PyTorch/fairness_test_Celeba_timm.py,--backbone_name,xcit_tiny_24_p8_224_dist,--input_size,112,--batch_size,50,--seed,222,--pretrained,True
python3,/cmlscratch/sdooley1/face.evoLVe.PyTorch/fairness_test_Celeba_timm.py,--backbone_name,resnetrs270,--input_size,112,--batch_size,25,--seed,222,--pretrained,True
python3,/cmlscratch/sdooley1/face.evoLVe.PyTorch/fairness_test_Celeba_timm.py,--backbone_name,resnetrs350,--input_size,112,--batch_size,25,--seed,222,--pretrained,True
python3,/cmlscratch/sdooley1/face.evoLVe.PyTorch/fairness_test_Celeba_timm.py,--backbone_name,resnetrs420,--input_size,112,--batch_size,25,--seed,222,--pretrained,True
python3,/cmlscratch/sdooley1/face.evoLVe.PyTorch/fairness_test_Celeba_timm.py,--backbone_name,resnetv2_101x3_bitm,--input_size,112,--batch_size,25,--seed,222,--pretrained,True
python3,/cmlscratch/sdooley1/face.evoLVe.PyTorch/fairness_test_Celeba_timm.py,--backbone_name,resnetv2_101x3_bitm_in21k,--input_size,112,--batch_size,25,--seed,222,--pretrained,True
python3,/cmlscratch/sdooley1/face.evoLVe.PyTorch/fairness_test_Celeba_timm.py,--backbone_name,resnetv2_152x2_bit_teacher,--input_size,112,--batch_size,25,--seed,222,--pretrained,True
python3,/cmlscratch/sdooley1/face.evoLVe.PyTorch/fairness_test_Celeba_timm.py,--backbone_name,resnetv2_152x2_bit_teacher_384,--input_size,112,--batch_size,25,--seed,222,--pretrained,True
python3,/cmlscratch/sdooley1/face.evoLVe.PyTorch/fairness_test_Celeba_timm.py,--backbone_name,resnetv2_152x2_bitm,--input_size,112,--batch_size,25,--seed,222,--pretrained,True
python3,/cmlscratch/sdooley1/face.evoLVe.PyTorch/fairness_test_Celeba_timm.py,--backbone_name,ig_resnext101_32x32d,--input_size,112,--batch_size,1,--seed,222,--pretrained,True
python3,/cmlscratch/sdooley1/face.evoLVe.PyTorch/fairness_test_Celeba_timm.py,--backbone_name,ig_resnext101_32x48d,--input_size,112,--batch_size,1,--seed,222,--pretrained,True
python3,/cmlscratch/sdooley1/face.evoLVe.PyTorch/fairness_test_Celeba_timm.py,--backbone_name,legacy_seresnext26_32x4d,--input_size,112,--batch_size,1,--seed,222,--pretrained,True
python3,/cmlscratch/sdooley1/face.evoLVe.PyTorch/fairness_test_Celeba_timm.py,--backbone_name,seresnext50_32x4d,--input_size,112,--batch_size,1,--seed,222,--pretrained,True
python3,/cmlscratch/sdooley1/face.evoLVe.PyTorch/fairness_test_Celeba_timm.py,--backbone_name,ssl_resnext101_32x16d,--input_size,112,--batch_size,1,--seed,222,--pretrained,True
python3,/cmlscratch/sdooley1/face.evoLVe.PyTorch/fairness_test_Celeba_timm.py,--backbone_name,ssl_resnext101_32x4d,--input_size,112,--batch_size,1,--seed,222,--pretrained,True
python3,/cmlscratch/sdooley1/face.evoLVe.PyTorch/fairness_test_Celeba_timm.py,--backbone_name,swsl_resnext101_32x16d,--input_size,112,--batch_size,1,--seed,222,--pretrained,True
python3,/cmlscratch/sdooley1/face.evoLVe.PyTorch/fairness_test_Celeba_timm.py,--backbone_name,swsl_resnext101_32x8d,--input_size,112,--batch_size,1,--seed,222,--pretrained,True
python3,/cmlscratch/sdooley1/face.evoLVe.PyTorch/fairness_test_Celeba_timm.py,--backbone_name,swsl_resnext50_32x4d,--input_size,112,--batch_size,1,--seed,222,--pretrained,True
python3,/cmlscratch/sdooley1/face.evoLVe.PyTorch/fairness_test_Celeba_timm.py,--backbone_name,tv_resnext50_32x4d,--input_size,112,--batch_size,1,--seed,222,--pretrained,True
python3,/cmlscratch/sdooley1/face.evoLVe.PyTorch/fairness_test_Celeba_timm.py,--backbone_name,resnetv2_152x2_bitm_in21k,--input_size,112,--batch_size,1,--seed,222,--pretrained,True
python3,/cmlscratch/sdooley1/face.evoLVe.PyTorch/fairness_test_Celeba_timm.py,--backbone_name,resnetv2_152x4_bitm,--input_size,112,--batch_size,1,--seed,222,--pretrained,True
python3,/cmlscratch/sdooley1/face.evoLVe.PyTorch/fairness_test_Celeba_timm.py,--backbone_name,resnetv2_152x4_bitm_in21k,--input_size,112,--batch_size,1,--seed,222,--pretrained,True
python3,/cmlscratch/sdooley1/face.evoLVe.PyTorch/fairness_test_Celeba_timm.py,--backbone_name,dm_nfnet_f5,--input_size,112,--batch_size,1,--seed,222,--pretrained,True
python3,/cmlscratch/sdooley1/face.evoLVe.PyTorch/fairness_test_Celeba_timm.py,--backbone_name,dm_nfnet_f6,--input_size,112,--batch_size,1,--seed,222,--pretrained,True
python3,/cmlscratch/sdooley1/face.evoLVe.PyTorch/fairness_test_Celeba_timm.py,--backbone_name,tf_efficientnet_l2_ns,--input_size,112,--batch_size,1,--seed,222,--pretrained,True
python3,/cmlscratch/sdooley1/face.evoLVe.PyTorch/fairness_test_Celeba_timm.py,--backbone_name,tf_efficientnet_l2_ns_475,--input_size,112,--batch_size,1,--seed,222,--pretrained,True
python3,/cmlscratch/sdooley1/face.evoLVe.PyTorch/fairness_test_Celeba_timm.py,--backbone_name,xcit_large_24_p8_224,--input_size,112,--batch_size,1,--seed,222,--pretrained,True
python3,/cmlscratch/sdooley1/face.evoLVe.PyTorch/fairness_test_Celeba_timm.py,--backbone_name,xcit_large_24_p8_224_dist,--input_size,112,--batch_size,1,--seed,222,--pretrained,True
python3,/cmlscratch/sdooley1/face.evoLVe.PyTorch/fairness_test_Celeba_timm.py,--backbone_name,xcit_large_24_p8_384_dist,--input_size,112,--batch_size,1,--seed,222,--pretrained,True
python3,/cmlscratch/sdooley1/face.evoLVe.PyTorch/fairness_test_Celeba_timm.py,--backbone_name,xcit_medium_24_p8_224,--input_size,112,--batch_size,1,--seed,222,--pretrained,True
python3,/cmlscratch/sdooley1/face.evoLVe.PyTorch/fairness_test_Celeba_timm.py,--backbone_name,xcit_medium_24_p8_224_dist,--input_size,112,--batch_size,1,--seed,222,--pretrained,True
python3,/cmlscratch/sdooley1/face.evoLVe.PyTorch/fairness_test_Celeba_timm.py,--backbone_name,xcit_medium_24_p8_384_dist,--input_size,112,--batch_size,1,--seed,222,--pretrained,True
python3,/cmlscratch/sdooley1/face.evoLVe.PyTorch/fairness_test_Celeba_timm.py,--backbone_name,xcit_small_12_p8_224_dist,--input_size,112,--batch_size,1,--seed,222,--pretrained,True
python3,/cmlscratch/sdooley1/face.evoLVe.PyTorch/fairness_test_Celeba_timm.py,--backbone_name,xcit_small_24_p8_224,--input_size,112,--batch_size,1,--seed,222,--pretrained,True
python3,/cmlscratch/sdooley1/face.evoLVe.PyTorch/fairness_test_Celeba_timm.py,--backbone_name,xcit_small_24_p8_224_dist,--input_size,112,--batch_size,1,--seed,222,--pretrained,True
python3,/cmlscratch/sdooley1/face.evoLVe.PyTorch/fairness_test_Celeba_timm.py,--backbone_name,xcit_small_24_p8_384_dist,--input_size,112,--batch_size,1,--seed,222,--pretrained,True
python3,/cmlscratch/sdooley1/face.evoLVe.PyTorch/fairness_test_Celeba_timm.py,--backbone_name,xcit_tiny_24_p8_384_dist,--input_size,112,--batch_size,1,--seed,222,--pretrained,True
python3,/cmlscratch/sdooley1/face.evoLVe.PyTorch/fairness_test_Celeba_timm.py,--backbone_name,coat_lite_mini,--input_size,224,--batch_size,100,--seed,222,--pretrained,True
python3,/cmlscratch/sdooley1/face.evoLVe.PyTorch/fairness_test_Celeba_timm.py,--backbone_name,coat_lite_tiny,--input_size,224,--batch_size,100,--seed,222,--pretrained,True
python3,/cmlscratch/sdooley1/face.evoLVe.PyTorch/fairness_test_Celeba_timm.py,--backbone_name,convit_tiny,--input_size,224,--batch_size,100,--seed,222,--pretrained,True
python3,/cmlscratch/sdooley1/face.evoLVe.PyTorch/fairness_test_Celeba_timm.py,--backbone_name,deit_small_distilled_patch16_224,--input_size,224,--batch_size,100,--seed,222,--pretrained,True
python3,/cmlscratch/sdooley1/face.evoLVe.PyTorch/fairness_test_Celeba_timm.py,--backbone_name,deit_small_patch16_224,--input_size,224,--batch_size,100,--seed,222,--pretrained,True
python3,/cmlscratch/sdooley1/face.evoLVe.PyTorch/fairness_test_Celeba_timm.py,--backbone_name,deit_tiny_distilled_patch16_224,--input_size,224,--batch_size,100,--seed,222,--pretrained,True
python3,/cmlscratch/sdooley1/face.evoLVe.PyTorch/fairness_test_Celeba_timm.py,--backbone_name,deit_tiny_patch16_224,--input_size,224,--batch_size,100,--seed,222,--pretrained,True
python3,/cmlscratch/sdooley1/face.evoLVe.PyTorch/fairness_test_Celeba_timm.py,--backbone_name,dla34,--input_size,224,--batch_size,100,--seed,222,--pretrained,True
python3,/cmlscratch/sdooley1/face.evoLVe.PyTorch/fairness_test_Celeba_timm.py,--backbone_name,dla46_c,--input_size,224,--batch_size,100,--seed,222,--pretrained,True
python3,/cmlscratch/sdooley1/face.evoLVe.PyTorch/fairness_test_Celeba_timm.py,--backbone_name,dla46x_c,--input_size,224,--batch_size,100,--seed,222,--pretrained,True
python3,/cmlscratch/sdooley1/face.evoLVe.PyTorch/fairness_test_Celeba_timm.py,--backbone_name,dla60,--input_size,224,--batch_size,100,--seed,222,--pretrained,True
python3,/cmlscratch/sdooley1/face.evoLVe.PyTorch/fairness_test_Celeba_timm.py,--backbone_name,hrnet_w18_small,--input_size,224,--batch_size,100,--seed,222,--pretrained,True
python3,/cmlscratch/sdooley1/face.evoLVe.PyTorch/fairness_test_Celeba_timm.py,--backbone_name,hrnet_w18_small_v2,--input_size,224,--batch_size,100,--seed,222,--pretrained,True
python3,/cmlscratch/sdooley1/face.evoLVe.PyTorch/fairness_test_Celeba_timm.py,--backbone_name,lambda_resnet26t,--input_size,224,--batch_size,100,--seed,222,--pretrained,True
python3,/cmlscratch/sdooley1/face.evoLVe.PyTorch/fairness_test_Celeba_timm.py,--backbone_name,levit_192,--input_size,224,--batch_size,100,--seed,222,--pretrained,True
python3,/cmlscratch/sdooley1/face.evoLVe.PyTorch/fairness_test_Celeba_timm.py,--backbone_name,levit_256,--input_size,224,--batch_size,100,--seed,222,--pretrained,True
python3,/cmlscratch/sdooley1/face.evoLVe.PyTorch/fairness_test_Celeba_timm.py,--backbone_name,levit_384,--input_size,224,--batch_size,100,--seed,222,--pretrained,True
python3,/cmlscratch/sdooley1/face.evoLVe.PyTorch/fairness_test_Celeba_timm.py,--backbone_name,pit_s_224,--input_size,224,--batch_size,100,--seed,222,--pretrained,True
python3,/cmlscratch/sdooley1/face.evoLVe.PyTorch/fairness_test_Celeba_timm.py,--backbone_name,pit_s_distilled_224,--input_size,224,--batch_size,100,--seed,222,--pretrained,True
python3,/cmlscratch/sdooley1/face.evoLVe.PyTorch/fairness_test_Celeba_timm.py,--backbone_name,pit_ti_224,--input_size,224,--batch_size,100,--seed,222,--pretrained,True
python3,/cmlscratch/sdooley1/face.evoLVe.PyTorch/fairness_test_Celeba_timm.py,--backbone_name,pit_ti_distilled_224,--input_size,224,--batch_size,100,--seed,222,--pretrained,True
python3,/cmlscratch/sdooley1/face.evoLVe.PyTorch/fairness_test_Celeba_timm.py,--backbone_name,pit_xs_distilled_224,--input_size,224,--batch_size,100,--seed,222,--pretrained,True
python3,/cmlscratch/sdooley1/face.evoLVe.PyTorch/fairness_test_Celeba_timm.py,--backbone_name,resmlp_12_224,--input_size,224,--batch_size,100,--seed,222,--pretrained,True
python3,/cmlscratch/sdooley1/face.evoLVe.PyTorch/fairness_test_Celeba_timm.py,--backbone_name,resmlp_12_224_dino,--input_size,224,--batch_size,100,--seed,222,--pretrained,True
python3,/cmlscratch/sdooley1/face.evoLVe.PyTorch/fairness_test_Celeba_timm.py,--backbone_name,resmlp_12_distilled_224,--input_size,224,--batch_size,100,--seed,222,--pretrained,True
python3,/cmlscratch/sdooley1/face.evoLVe.PyTorch/fairness_test_Celeba_timm.py,--backbone_name,resnest26d,--input_size,224,--batch_size,100,--seed,222,--pretrained,True
python3,/cmlscratch/sdooley1/face.evoLVe.PyTorch/fairness_test_Celeba_timm.py,--backbone_name,rexnet_100,--input_size,224,--batch_size,100,--seed,222,--pretrained,True
python3,/cmlscratch/sdooley1/face.evoLVe.PyTorch/fairness_test_Celeba_timm.py,--backbone_name,skresnet18,--input_size,224,--batch_size,100,--seed,222,--pretrained,True
python3,/cmlscratch/sdooley1/face.evoLVe.PyTorch/fairness_test_Celeba_timm.py,--backbone_name,skresnet34,--input_size,224,--batch_size,100,--seed,222,--pretrained,True
python3,/cmlscratch/sdooley1/face.evoLVe.PyTorch/fairness_test_Celeba_timm.py,--backbone_name,visformer_small,--input_size,224,--batch_size,100,--seed,222,--pretrained,True
python3,/cmlscratch/sdooley1/face.evoLVe.PyTorch/fairness_test_Celeba_timm.py,--backbone_name,vit_base_patch32_224,--input_size,224,--batch_size,100,--seed,222,--pretrained,True
python3,/cmlscratch/sdooley1/face.evoLVe.PyTorch/fairness_test_Celeba_timm.py,--backbone_name,vit_base_patch32_224_in21k,--input_size,224,--batch_size,100,--seed,222,--pretrained,True
python3,/cmlscratch/sdooley1/face.evoLVe.PyTorch/fairness_test_Celeba_timm.py,--backbone_name,vit_base_patch32_sam_224,--input_size,224,--batch_size,100,--seed,222,--pretrained,True
python3,/cmlscratch/sdooley1/face.evoLVe.PyTorch/fairness_test_Celeba_timm.py,--backbone_name,vit_large_patch32_224_in21k,--input_size,224,--batch_size,100,--seed,222,--pretrained,True
python3,/cmlscratch/sdooley1/face.evoLVe.PyTorch/fairness_test_Celeba_timm.py,--backbone_name,vit_small_patch16_224,--input_size,224,--batch_size,100,--seed,222,--pretrained,True
python3,/cmlscratch/sdooley1/face.evoLVe.PyTorch/fairness_test_Celeba_timm.py,--backbone_name,vit_small_patch16_224_in21k,--input_size,224,--batch_size,100,--seed,222,--pretrained,True
python3,/cmlscratch/sdooley1/face.evoLVe.PyTorch/fairness_test_Celeba_timm.py,--backbone_name,vit_small_patch32_224,--input_size,224,--batch_size,100,--seed,222,--pretrained,True
python3,/cmlscratch/sdooley1/face.evoLVe.PyTorch/fairness_test_Celeba_timm.py,--backbone_name,vit_small_patch32_224_in21k,--input_size,224,--batch_size,100,--seed,222,--pretrained,True
python3,/cmlscratch/sdooley1/face.evoLVe.PyTorch/fairness_test_Celeba_timm.py,--backbone_name,vit_small_r26_s32_224,--input_size,224,--batch_size,100,--seed,222,--pretrained,True
python3,/cmlscratch/sdooley1/face.evoLVe.PyTorch/fairness_test_Celeba_timm.py,--backbone_name,vit_tiny_patch16_224,--input_size,224,--batch_size,100,--seed,222,--pretrained,True
python3,/cmlscratch/sdooley1/face.evoLVe.PyTorch/fairness_test_Celeba_timm.py,--backbone_name,vit_tiny_patch16_224_in21k,--input_size,224,--batch_size,100,--seed,222,--pretrained,True
python3,/cmlscratch/sdooley1/face.evoLVe.PyTorch/fairness_test_Celeba_timm.py,--backbone_name,vit_tiny_r_s16_p8_224_in21k,--input_size,224,--batch_size,100,--seed,222,--pretrained,True
python3,/cmlscratch/sdooley1/face.evoLVe.PyTorch/fairness_test_Celeba_timm.py,--backbone_name,beit_base_patch16_224,--input_size,224,--batch_size,50,--seed,222,--pretrained,True
python3,/cmlscratch/sdooley1/face.evoLVe.PyTorch/fairness_test_Celeba_timm.py,--backbone_name,beit_base_patch16_224_in22k,--input_size,224,--batch_size,50,--seed,222,--pretrained,True
python3,/cmlscratch/sdooley1/face.evoLVe.PyTorch/fairness_test_Celeba_timm.py,--backbone_name,cait_xxs24_224,--input_size,224,--batch_size,50,--seed,222,--pretrained,True
python3,/cmlscratch/sdooley1/face.evoLVe.PyTorch/fairness_test_Celeba_timm.py,--backbone_name,coat_lite_small,--input_size,224,--batch_size,50,--seed,222,--pretrained,True
python3,/cmlscratch/sdooley1/face.evoLVe.PyTorch/fairness_test_Celeba_timm.py,--backbone_name,coat_tiny,--input_size,224,--batch_size,50,--seed,222,--pretrained,True
python3,/cmlscratch/sdooley1/face.evoLVe.PyTorch/fairness_test_Celeba_timm.py,--backbone_name,convit_small,--input_size,224,--batch_size,50,--seed,222,--pretrained,True
python3,/cmlscratch/sdooley1/face.evoLVe.PyTorch/fairness_test_Celeba_timm.py,--backbone_name,deit_base_distilled_patch16_224,--input_size,224,--batch_size,50,--seed,222,--pretrained,True
python3,/cmlscratch/sdooley1/face.evoLVe.PyTorch/fairness_test_Celeba_timm.py,--backbone_name,deit_base_patch16_224,--input_size,224,--batch_size,50,--seed,222,--pretrained,True
python3,/cmlscratch/sdooley1/face.evoLVe.PyTorch/fairness_test_Celeba_timm.py,--backbone_name,dla102,--input_size,224,--batch_size,50,--seed,222,--pretrained,True
python3,/cmlscratch/sdooley1/face.evoLVe.PyTorch/fairness_test_Celeba_timm.py,--backbone_name,dla102x,--input_size,224,--batch_size,50,--seed,222,--pretrained,True
python3,/cmlscratch/sdooley1/face.evoLVe.PyTorch/fairness_test_Celeba_timm.py,--backbone_name,dla60_res2net,--input_size,224,--batch_size,50,--seed,222,--pretrained,True
python3,/cmlscratch/sdooley1/face.evoLVe.PyTorch/fairness_test_Celeba_timm.py,--backbone_name,dla60_res2next,--input_size,224,--batch_size,50,--seed,222,--pretrained,True
python3,/cmlscratch/sdooley1/face.evoLVe.PyTorch/fairness_test_Celeba_timm.py,--backbone_name,dla60x,--input_size,224,--batch_size,50,--seed,222,--pretrained,True
python3,/cmlscratch/sdooley1/face.evoLVe.PyTorch/fairness_test_Celeba_timm.py,--backbone_name,dla60x_c,--input_size,224,--batch_size,50,--seed,222,--pretrained,True
python3,/cmlscratch/sdooley1/face.evoLVe.PyTorch/fairness_test_Celeba_timm.py,--backbone_name,gmixer_24_224,--input_size,224,--batch_size,50,--seed,222,--pretrained,True
python3,/cmlscratch/sdooley1/face.evoLVe.PyTorch/fairness_test_Celeba_timm.py,--backbone_name,gmlp_s16_224,--input_size,224,--batch_size,50,--seed,222,--pretrained,True
python3,/cmlscratch/sdooley1/face.evoLVe.PyTorch/fairness_test_Celeba_timm.py,--backbone_name,haloregnetz_b,--input_size,224,--batch_size,50,--seed,222,--pretrained,True
python3,/cmlscratch/sdooley1/face.evoLVe.PyTorch/fairness_test_Celeba_timm.py,--backbone_name,hrnet_w18,--input_size,224,--batch_size,50,--seed,222,--pretrained,True
python3,/cmlscratch/sdooley1/face.evoLVe.PyTorch/fairness_test_Celeba_timm.py,--backbone_name,hrnet_w30,--input_size,224,--batch_size,50,--seed,222,--pretrained,True
python3,/cmlscratch/sdooley1/face.evoLVe.PyTorch/fairness_test_Celeba_timm.py,--backbone_name,hrnet_w32,--input_size,224,--batch_size,50,--seed,222,--pretrained,True
python3,/cmlscratch/sdooley1/face.evoLVe.PyTorch/fairness_test_Celeba_timm.py,--backbone_name,hrnet_w40,--input_size,224,--batch_size,50,--seed,222,--pretrained,True
python3,/cmlscratch/sdooley1/face.evoLVe.PyTorch/fairness_test_Celeba_timm.py,--backbone_name,jx_nest_tiny,--input_size,224,--batch_size,50,--seed,222,--pretrained,True
python3,/cmlscratch/sdooley1/face.evoLVe.PyTorch/fairness_test_Celeba_timm.py,--backbone_name,levit_128,--input_size,224,--batch_size,50,--seed,222,--pretrained,True
python3,/cmlscratch/sdooley1/face.evoLVe.PyTorch/fairness_test_Celeba_timm.py,--backbone_name,levit_128s,--input_size,224,--batch_size,50,--seed,222,--pretrained,True
python3,/cmlscratch/sdooley1/face.evoLVe.PyTorch/fairness_test_Celeba_timm.py,--backbone_name,mixer_b16_224,--input_size,224,--batch_size,50,--seed,222,--pretrained,True
python3,/cmlscratch/sdooley1/face.evoLVe.PyTorch/fairness_test_Celeba_timm.py,--backbone_name,mixer_b16_224_in21k,--input_size,224,--batch_size,50,--seed,222,--pretrained,True
python3,/cmlscratch/sdooley1/face.evoLVe.PyTorch/fairness_test_Celeba_timm.py,--backbone_name,mixer_b16_224_miil,--input_size,224,--batch_size,50,--seed,222,--pretrained,True
python3,/cmlscratch/sdooley1/face.evoLVe.PyTorch/fairness_test_Celeba_timm.py,--backbone_name,mixer_b16_224_miil_in21k,--input_size,224,--batch_size,50,--seed,222,--pretrained,True
python3,/cmlscratch/sdooley1/face.evoLVe.PyTorch/fairness_test_Celeba_timm.py,--backbone_name,pit_b_224,--input_size,224,--batch_size,50,--seed,222,--pretrained,True
python3,/cmlscratch/sdooley1/face.evoLVe.PyTorch/fairness_test_Celeba_timm.py,--backbone_name,pit_b_distilled_224,--input_size,224,--batch_size,50,--seed,222,--pretrained,True
python3,/cmlscratch/sdooley1/face.evoLVe.PyTorch/fairness_test_Celeba_timm.py,--backbone_name,pit_xs_224,--input_size,224,--batch_size,50,--seed,222,--pretrained,True
python3,/cmlscratch/sdooley1/face.evoLVe.PyTorch/fairness_test_Celeba_timm.py,--backbone_name,resmlp_24_224,--input_size,224,--batch_size,50,--seed,222,--pretrained,True
python3,/cmlscratch/sdooley1/face.evoLVe.PyTorch/fairness_test_Celeba_timm.py,--backbone_name,resmlp_24_224_dino,--input_size,224,--batch_size,50,--seed,222,--pretrained,True
python3,/cmlscratch/sdooley1/face.evoLVe.PyTorch/fairness_test_Celeba_timm.py,--backbone_name,resmlp_24_distilled_224,--input_size,224,--batch_size,50,--seed,222,--pretrained,True
python3,/cmlscratch/sdooley1/face.evoLVe.PyTorch/fairness_test_Celeba_timm.py,--backbone_name,resmlp_36_224,--input_size,224,--batch_size,50,--seed,222,--pretrained,True
python3,/cmlscratch/sdooley1/face.evoLVe.PyTorch/fairness_test_Celeba_timm.py,--backbone_name,resmlp_36_distilled_224,--input_size,224,--batch_size,50,--seed,222,--pretrained,True
python3,/cmlscratch/sdooley1/face.evoLVe.PyTorch/fairness_test_Celeba_timm.py,--backbone_name,resnest14d,--input_size,224,--batch_size,50,--seed,222,--pretrained,True
python3,/cmlscratch/sdooley1/face.evoLVe.PyTorch/fairness_test_Celeba_timm.py,--backbone_name,resnest50d,--input_size,224,--batch_size,50,--seed,222,--pretrained,True
python3,/cmlscratch/sdooley1/face.evoLVe.PyTorch/fairness_test_Celeba_timm.py,--backbone_name,resnest50d_1s4x24d,--input_size,224,--batch_size,50,--seed,222,--pretrained,True
python3,/cmlscratch/sdooley1/face.evoLVe.PyTorch/fairness_test_Celeba_timm.py,--backbone_name,resnest50d_4s2x40d,--input_size,224,--batch_size,50,--seed,222,--pretrained,True
python3,/cmlscratch/sdooley1/face.evoLVe.PyTorch/fairness_test_Celeba_timm.py,--backbone_name,rexnet_130,--input_size,224,--batch_size,50,--seed,222,--pretrained,True
python3,/cmlscratch/sdooley1/face.evoLVe.PyTorch/fairness_test_Celeba_timm.py,--backbone_name,rexnet_150,--input_size,224,--batch_size,50,--seed,222,--pretrained,True
python3,/cmlscratch/sdooley1/face.evoLVe.PyTorch/fairness_test_Celeba_timm.py,--backbone_name,rexnet_200,--input_size,224,--batch_size,50,--seed,222,--pretrained,True
python3,/cmlscratch/sdooley1/face.evoLVe.PyTorch/fairness_test_Celeba_timm.py,--backbone_name,skresnext50_32x4d,--input_size,224,--batch_size,50,--seed,222,--pretrained,True
python3,/cmlscratch/sdooley1/face.evoLVe.PyTorch/fairness_test_Celeba_timm.py,--backbone_name,swin_small_patch4_window7_224,--input_size,224,--batch_size,50,--seed,222,--pretrained,True
python3,/cmlscratch/sdooley1/face.evoLVe.PyTorch/fairness_test_Celeba_timm.py,--backbone_name,swin_tiny_patch4_window7_224,--input_size,224,--batch_size,50,--seed,222,--pretrained,True
python3,/cmlscratch/sdooley1/face.evoLVe.PyTorch/fairness_test_Celeba_timm.py,--backbone_name,tnt_s_patch16_224,--input_size,224,--batch_size,50,--seed,222,--pretrained,True
python3,/cmlscratch/sdooley1/face.evoLVe.PyTorch/fairness_test_Celeba_timm.py,--backbone_name,vit_base_patch16_224,--input_size,224,--batch_size,50,--seed,222,--pretrained,True
python3,/cmlscratch/sdooley1/face.evoLVe.PyTorch/fairness_test_Celeba_timm.py,--backbone_name,vit_base_patch16_224_in21k,--input_size,224,--batch_size,50,--seed,222,--pretrained,True
python3,/cmlscratch/sdooley1/face.evoLVe.PyTorch/fairness_test_Celeba_timm.py,--backbone_name,vit_base_patch16_224_miil,--input_size,224,--batch_size,50,--seed,222,--pretrained,True
python3,/cmlscratch/sdooley1/face.evoLVe.PyTorch/fairness_test_Celeba_timm.py,--backbone_name,vit_base_patch16_224_miil_in21k,--input_size,224,--batch_size,50,--seed,222,--pretrained,True
python3,/cmlscratch/sdooley1/face.evoLVe.PyTorch/fairness_test_Celeba_timm.py,--backbone_name,vit_base_patch16_sam_224,--input_size,224,--batch_size,50,--seed,222,--pretrained,True
python3,/cmlscratch/sdooley1/face.evoLVe.PyTorch/fairness_test_Celeba_timm.py,--backbone_name,vit_small_r26_s32_224_in21k,--input_size,224,--batch_size,50,--seed,222,--pretrained,True
python3,/cmlscratch/sdooley1/face.evoLVe.PyTorch/fairness_test_Celeba_timm.py,--backbone_name,vit_tiny_r_s16_p8_224,--input_size,224,--batch_size,50,--seed,222,--pretrained,True
python3,/cmlscratch/sdooley1/face.evoLVe.PyTorch/fairness_test_Celeba_timm.py,--backbone_name,cait_s24_224,--input_size,224,--batch_size,24,--seed,222,--pretrained,True
python3,/cmlscratch/sdooley1/face.evoLVe.PyTorch/fairness_test_Celeba_timm.py,--backbone_name,cait_xxs36_224,--input_size,224,--batch_size,24,--seed,222,--pretrained,True
python3,/cmlscratch/sdooley1/face.evoLVe.PyTorch/fairness_test_Celeba_timm.py,--backbone_name,coat_mini,--input_size,224,--batch_size,24,--seed,222,--pretrained,True
python3,/cmlscratch/sdooley1/face.evoLVe.PyTorch/fairness_test_Celeba_timm.py,--backbone_name,convit_base,--input_size,224,--batch_size,24,--seed,222,--pretrained,True
python3,/cmlscratch/sdooley1/face.evoLVe.PyTorch/fairness_test_Celeba_timm.py,--backbone_name,dla102x2,--input_size,224,--batch_size,24,--seed,222,--pretrained,True
python3,/cmlscratch/sdooley1/face.evoLVe.PyTorch/fairness_test_Celeba_timm.py,--backbone_name,dla169,--input_size,224,--batch_size,24,--seed,222,--pretrained,True
python3,/cmlscratch/sdooley1/face.evoLVe.PyTorch/fairness_test_Celeba_timm.py,--backbone_name,hrnet_w44,--input_size,224,--batch_size,24,--seed,222,--pretrained,True
python3,/cmlscratch/sdooley1/face.evoLVe.PyTorch/fairness_test_Celeba_timm.py,--backbone_name,hrnet_w48,--input_size,224,--batch_size,24,--seed,222,--pretrained,True
python3,/cmlscratch/sdooley1/face.evoLVe.PyTorch/fairness_test_Celeba_timm.py,--backbone_name,hrnet_w64,--input_size,224,--batch_size,24,--seed,222,--pretrained,True
python3,/cmlscratch/sdooley1/face.evoLVe.PyTorch/fairness_test_Celeba_timm.py,--backbone_name,jx_nest_base,--input_size,224,--batch_size,24,--seed,222,--pretrained,True
python3,/cmlscratch/sdooley1/face.evoLVe.PyTorch/fairness_test_Celeba_timm.py,--backbone_name,jx_nest_small,--input_size,224,--batch_size,24,--seed,222,--pretrained,True
python3,/cmlscratch/sdooley1/face.evoLVe.PyTorch/fairness_test_Celeba_timm.py,--backbone_name,mixer_l16_224,--input_size,224,--batch_size,24,--seed,222,--pretrained,True
python3,/cmlscratch/sdooley1/face.evoLVe.PyTorch/fairness_test_Celeba_timm.py,--backbone_name,mixer_l16_224_in21k,--input_size,224,--batch_size,24,--seed,222,--pretrained,True
python3,/cmlscratch/sdooley1/face.evoLVe.PyTorch/fairness_test_Celeba_timm.py,--backbone_name,swin_base_patch4_window7_224,--input_size,224,--batch_size,24,--seed,222,--pretrained,True
python3,/cmlscratch/sdooley1/face.evoLVe.PyTorch/fairness_test_Celeba_timm.py,--backbone_name,swin_base_patch4_window7_224_in22k,--input_size,224,--batch_size,24,--seed,222,--pretrained,True
python3,/cmlscratch/sdooley1/face.evoLVe.PyTorch/fairness_test_Celeba_timm.py,--backbone_name,swin_large_patch4_window7_224,--input_size,224,--batch_size,24,--seed,222,--pretrained,True
python3,/cmlscratch/sdooley1/face.evoLVe.PyTorch/fairness_test_Celeba_timm.py,--backbone_name,swin_large_patch4_window7_224_in22k,--input_size,224,--batch_size,24,--seed,222,--pretrained,True
python3,/cmlscratch/sdooley1/face.evoLVe.PyTorch/fairness_test_Celeba_timm.py,--backbone_name,vit_base_r50_s16_224_in21k,--input_size,224,--batch_size,24,--seed,222,--pretrained,True
python3,/cmlscratch/sdooley1/face.evoLVe.PyTorch/fairness_test_Celeba_timm.py,--backbone_name,vit_large_patch16_224_in21k,--input_size,224,--batch_size,24,--seed,222,--pretrained,True
python3,/cmlscratch/sdooley1/face.evoLVe.PyTorch/fairness_test_Celeba_timm.py,--backbone_name,vit_large_r50_s32_224_in21k,--input_size,224,--batch_size,24,--seed,222,--pretrained,True
python3,/cmlscratch/sdooley1/face.evoLVe.PyTorch/fairness_test_Celeba_timm.py,--backbone_name,beit_large_patch16_224,--input_size,224,--batch_size,1,--seed,222,--pretrained,True
python3,/cmlscratch/sdooley1/face.evoLVe.PyTorch/fairness_test_Celeba_timm.py,--backbone_name,beit_large_patch16_224_in22k,--input_size,224,--batch_size,1,--seed,222,--pretrained,True
python3,/cmlscratch/sdooley1/face.evoLVe.PyTorch/fairness_test_Celeba_timm.py,--backbone_name,resmlp_big_24_224,--input_size,224,--batch_size,1,--seed,222,--pretrained,True
python3,/cmlscratch/sdooley1/face.evoLVe.PyTorch/fairness_test_Celeba_timm.py,--backbone_name,resmlp_big_24_224_in22ft1k,--input_size,224,--batch_size,1,--seed,222,--pretrained,True
python3,/cmlscratch/sdooley1/face.evoLVe.PyTorch/fairness_test_Celeba_timm.py,--backbone_name,resmlp_big_24_distilled_224,--input_size,224,--batch_size,1,--seed,222,--pretrained,True
python3,/cmlscratch/sdooley1/face.evoLVe.PyTorch/fairness_test_Celeba_timm.py,--backbone_name,vit_base_patch8_224,--input_size,224,--batch_size,1,--seed,222,--pretrained,True
python3,/cmlscratch/sdooley1/face.evoLVe.PyTorch/fairness_test_Celeba_timm.py,--backbone_name,vit_base_patch8_224_in21k,--input_size,224,--batch_size,1,--seed,222,--pretrained,True
python3,/cmlscratch/sdooley1/face.evoLVe.PyTorch/fairness_test_Celeba_timm.py,--backbone_name,vit_huge_patch14_224_in21k,--input_size,224,--batch_size,1,--seed,222,--pretrained,True
python3,/cmlscratch/sdooley1/face.evoLVe.PyTorch/fairness_test_Celeba_timm.py,--backbone_name,vit_large_patch16_224,--input_size,224,--batch_size,1,--seed,222,--pretrained,True
python3,/cmlscratch/sdooley1/face.evoLVe.PyTorch/fairness_test_Celeba_timm.py,--backbone_name,vit_large_r50_s32_224,--input_size,224,--batch_size,1,--seed,222,--pretrained,True
python3,/cmlscratch/sdooley1/face.evoLVe.PyTorch/fairness_test_Celeba_timm.py,--backbone_name,bat_resnext26ts,--input_size,256,--batch_size,50,--seed,222,--pretrained,True
python3,/cmlscratch/sdooley1/face.evoLVe.PyTorch/fairness_test_Celeba_timm.py,--backbone_name,botnet26t_256,--input_size,256,--batch_size,50,--seed,222,--pretrained,True
python3,/cmlscratch/sdooley1/face.evoLVe.PyTorch/fairness_test_Celeba_timm.py,--backbone_name,eca_botnext26ts_256,--input_size,256,--batch_size,50,--seed,222,--pretrained,True
python3,/cmlscratch/sdooley1/face.evoLVe.PyTorch/fairness_test_Celeba_timm.py,--backbone_name,eca_halonext26ts,--input_size,256,--batch_size,50,--seed,222,--pretrained,True
python3,/cmlscratch/sdooley1/face.evoLVe.PyTorch/fairness_test_Celeba_timm.py,--backbone_name,halo2botnet50ts_256,--input_size,256,--batch_size,50,--seed,222,--pretrained,True
python3,/cmlscratch/sdooley1/face.evoLVe.PyTorch/fairness_test_Celeba_timm.py,--backbone_name,halonet26t,--input_size,256,--batch_size,50,--seed,222,--pretrained,True
python3,/cmlscratch/sdooley1/face.evoLVe.PyTorch/fairness_test_Celeba_timm.py,--backbone_name,halonet50ts,--input_size,256,--batch_size,50,--seed,222,--pretrained,True
python3,/cmlscratch/sdooley1/face.evoLVe.PyTorch/fairness_test_Celeba_timm.py,--backbone_name,lambda_resnet26rpt_256,--input_size,256,--batch_size,50,--seed,222,--pretrained,True
python3,/cmlscratch/sdooley1/face.evoLVe.PyTorch/fairness_test_Celeba_timm.py,--backbone_name,lamhalobotnet50ts_256,--input_size,256,--batch_size,50,--seed,222,--pretrained,True
python3,/cmlscratch/sdooley1/face.evoLVe.PyTorch/fairness_test_Celeba_timm.py,--backbone_name,sebotnet33ts_256,--input_size,256,--batch_size,50,--seed,222,--pretrained,True
python3,/cmlscratch/sdooley1/face.evoLVe.PyTorch/fairness_test_Celeba_timm.py,--backbone_name,sehalonet33ts,--input_size,256,--batch_size,50,--seed,222,--pretrained,True
python3,/cmlscratch/sdooley1/face.evoLVe.PyTorch/fairness_test_Celeba_timm.py,--backbone_name,resnest101e,--input_size,256,--batch_size,20,--seed,222,--pretrained,True
python3,/cmlscratch/sdooley1/face.evoLVe.PyTorch/fairness_test_Celeba_timm.py,--backbone_name,resnest200e,--input_size,320,--batch_size,10,--seed,222,--pretrained,True
python3,/cmlscratch/sdooley1/face.evoLVe.PyTorch/fairness_test_Celeba_timm.py,--backbone_name,beit_base_patch16_384,--input_size,384,--batch_size,10,--seed,222,--pretrained,True
python3,/cmlscratch/sdooley1/face.evoLVe.PyTorch/fairness_test_Celeba_timm.py,--backbone_name,cait_xxs24_384,--input_size,384,--batch_size,10,--seed,222,--pretrained,True
python3,/cmlscratch/sdooley1/face.evoLVe.PyTorch/fairness_test_Celeba_timm.py,--backbone_name,deit_base_distilled_patch16_384,--input_size,384,--batch_size,10,--seed,222,--pretrained,True
python3,/cmlscratch/sdooley1/face.evoLVe.PyTorch/fairness_test_Celeba_timm.py,--backbone_name,deit_base_patch16_384,--input_size,384,--batch_size,10,--seed,222,--pretrained,True
python3,/cmlscratch/sdooley1/face.evoLVe.PyTorch/fairness_test_Celeba_timm.py,--backbone_name,swin_base_patch4_window12_384,--input_size,384,--batch_size,10,--seed,222,--pretrained,True
python3,/cmlscratch/sdooley1/face.evoLVe.PyTorch/fairness_test_Celeba_timm.py,--backbone_name,swin_base_patch4_window12_384_in22k,--input_size,384,--batch_size,10,--seed,222,--pretrained,True
python3,/cmlscratch/sdooley1/face.evoLVe.PyTorch/fairness_test_Celeba_timm.py,--backbone_name,vit_base_patch16_384,--input_size,384,--batch_size,10,--seed,222,--pretrained,True
python3,/cmlscratch/sdooley1/face.evoLVe.PyTorch/fairness_test_Celeba_timm.py,--backbone_name,vit_base_patch32_384,--input_size,384,--batch_size,10,--seed,222,--pretrained,True
python3,/cmlscratch/sdooley1/face.evoLVe.PyTorch/fairness_test_Celeba_timm.py,--backbone_name,vit_large_patch32_384,--input_size,384,--batch_size,10,--seed,222,--pretrained,True
python3,/cmlscratch/sdooley1/face.evoLVe.PyTorch/fairness_test_Celeba_timm.py,--backbone_name,vit_small_patch16_384,--input_size,384,--batch_size,10,--seed,222,--pretrained,True
python3,/cmlscratch/sdooley1/face.evoLVe.PyTorch/fairness_test_Celeba_timm.py,--backbone_name,vit_small_patch32_384,--input_size,384,--batch_size,10,--seed,222,--pretrained,True
python3,/cmlscratch/sdooley1/face.evoLVe.PyTorch/fairness_test_Celeba_timm.py,--backbone_name,vit_tiny_patch16_384,--input_size,384,--batch_size,10,--seed,222,--pretrained,True
python3,/cmlscratch/sdooley1/face.evoLVe.PyTorch/fairness_test_Celeba_timm.py,--backbone_name,vit_tiny_r_s16_p8_384,--input_size,384,--batch_size,10,--seed,222,--pretrained,True
python3,/cmlscratch/sdooley1/face.evoLVe.PyTorch/fairness_test_Celeba_timm.py,--backbone_name,beit_large_patch16_384,--input_size,384,--batch_size,1,--seed,222,--pretrained,True
python3,/cmlscratch/sdooley1/face.evoLVe.PyTorch/fairness_test_Celeba_timm.py,--backbone_name,cait_m36_384,--input_size,384,--batch_size,1,--seed,222,--pretrained,True
python3,/cmlscratch/sdooley1/face.evoLVe.PyTorch/fairness_test_Celeba_timm.py,--backbone_name,cait_s24_384,--input_size,384,--batch_size,1,--seed,222,--pretrained,True
python3,/cmlscratch/sdooley1/face.evoLVe.PyTorch/fairness_test_Celeba_timm.py,--backbone_name,cait_s36_384,--input_size,384,--batch_size,1,--seed,222,--pretrained,True
python3,/cmlscratch/sdooley1/face.evoLVe.PyTorch/fairness_test_Celeba_timm.py,--backbone_name,cait_xs24_384,--input_size,384,--batch_size,1,--seed,222,--pretrained,True
python3,/cmlscratch/sdooley1/face.evoLVe.PyTorch/fairness_test_Celeba_timm.py,--backbone_name,cait_xxs36_384,--input_size,384,--batch_size,1,--seed,222,--pretrained,True
python3,/cmlscratch/sdooley1/face.evoLVe.PyTorch/fairness_test_Celeba_timm.py,--backbone_name,swin_large_patch4_window12_384,--input_size,384,--batch_size,1,--seed,222,--pretrained,True
python3,/cmlscratch/sdooley1/face.evoLVe.PyTorch/fairness_test_Celeba_timm.py,--backbone_name,swin_large_patch4_window12_384_in22k,--input_size,384,--batch_size,1,--seed,222,--pretrained,True
python3,/cmlscratch/sdooley1/face.evoLVe.PyTorch/fairness_test_Celeba_timm.py,--backbone_name,vit_base_r50_s16_384,--input_size,384,--batch_size,1,--seed,222,--pretrained,True
python3,/cmlscratch/sdooley1/face.evoLVe.PyTorch/fairness_test_Celeba_timm.py,--backbone_name,vit_large_patch16_384,--input_size,384,--batch_size,1,--seed,222,--pretrained,True
python3,/cmlscratch/sdooley1/face.evoLVe.PyTorch/fairness_test_Celeba_timm.py,--backbone_name,vit_large_r50_s32_384,--input_size,384,--batch_size,1,--seed,222,--pretrained,True
python3,/cmlscratch/sdooley1/face.evoLVe.PyTorch/fairness_test_Celeba_timm.py,--backbone_name,vit_small_r26_s32_384,--input_size,384,--batch_size,1,--seed,222,--pretrained,True
python3,/cmlscratch/sdooley1/face.evoLVe.PyTorch/fairness_test_Celeba_timm.py,--backbone_name,resnest269e,--input_size,416,--batch_size,1,--seed,222,--pretrained,True
python3,/cmlscratch/sdooley1/face.evoLVe.PyTorch/fairness_test_Celeba_timm.py,--backbone_name,beit_large_patch16_512,--input_size,512,--batch_size,1,--seed,222,--pretrained,True
